resource,zone,contract,period,variable_costs_$_per_year,fuel_costs_$_per_year,startup_costs_$_per_year,shutdown_costs_$_per_year,curtailment_costs_$_per_year,generation_mwh_per_year,energy_value_$_per_year,total_fr_mw_per_year,total_fr_value_$_per_year,partial_fr_mw_per_year,partial_fr_value_$_per_year,spin_mw_per_year,spin_value_$_per_year,upward_reg_mw_per_year,upward_reg_value_$_per_year,downward_reg_mw_per_year,downward_reg_value_$_per_year,upward_lf_mw_per_year,upward_lf_value_$_per_year,downward_lf_mw_per_year,downward_lf_value_$_per_year
Arizona_Solar,CAISO,CAISO,2020,0.0,0.0,0.0,0.0,0.0,0.0,0.0,0.0,0.0,0.0,0.0,0.0,0.0,0.0,0.0,0.0,0.0,0.0,0.0,0.0,0.0
Arizona_Solar,CAISO,CAISO,2022,0.0,0.0,0.0,0.0,0.0,0.0,0.0,0.0,0.0,0.0,0.0,0.0,0.0,0.0,0.0,0.0,0.0,0.0,0.0,0.0,0.0
Arizona_Solar,CAISO,CAISO,2026,0.0,0.0,0.0,0.0,0.0,0.0,0.0,0.0,0.0,0.0,0.0,0.0,0.0,0.0,0.0,0.0,0.0,0.0,0.0,0.0,0.0
Arizona_Solar,CAISO,CAISO,2030,0.0,0.0,0.0,0.0,0.0,0.0,0.0,0.0,0.0,0.0,0.0,0.0,0.0,0.0,0.0,0.0,0.0,0.0,0.0,0.0,0.0
Arizona_Wind,CAISO,CAISO,2020,0.0,0.0,0.0,0.0,0.0,0.0,0.0,0.0,0.0,0.0,0.0,0.0,0.0,0.0,0.0,0.0,0.0,0.0,0.0,0.0,0.0
Arizona_Wind,CAISO,CAISO,2022,0.0,0.0,0.0,0.0,0.0,0.0,0.0,0.0,0.0,0.0,0.0,0.0,0.0,0.0,0.0,0.0,0.0,0.0,0.0,0.0,0.0
Arizona_Wind,CAISO,CAISO,2026,0.0,0.0,0.0,0.0,0.0,0.0,0.0,0.0,0.0,0.0,0.0,0.0,0.0,0.0,0.0,0.0,0.0,0.0,0.0,0.0,0.0
Arizona_Wind,CAISO,CAISO,2030,0.0,0.0,0.0,0.0,0.0,0.0,0.0,0.0,0.0,0.0,0.0,0.0,0.0,0.0,0.0,0.0,0.0,0.0,0.0,0.0,0.0
BANC_Biomass_for_Other,BANC,BANC,2020,0.0,0.0,0.0,0.0,0.0,0.0,0.0,0.0,0.0,0.0,0.0,0.0,0.0,0.0,0.0,0.0,0.0,0.0,0.0,0.0,0.0
BANC_Biomass_for_Other,BANC,BANC,2022,0.0,0.0,0.0,0.0,0.0,0.0,0.0,0.0,0.0,0.0,0.0,0.0,0.0,0.0,0.0,0.0,0.0,0.0,0.0,0.0,0.0
BANC_Biomass_for_Other,BANC,BANC,2026,0.0,0.0,0.0,0.0,0.0,0.0,0.0,0.0,0.0,0.0,0.0,0.0,0.0,0.0,0.0,0.0,0.0,0.0,0.0,0.0,0.0
BANC_Biomass_for_Other,BANC,BANC,2030,0.0,0.0,0.0,0.0,0.0,0.0,0.0,0.0,0.0,0.0,0.0,0.0,0.0,0.0,0.0,0.0,0.0,0.0,0.0,0.0,0.0
BANC_CCGT,BANC,BANC,2020,990799.7053944451,157000990.62851146,0.0,0.0,0.0,4054024.438753963,158474145.76126397,0.0,0.0,0.0,0.0,0.0,0.0,0.0,0.0,0.0,0.0,0.0,0.0,0.0,0.0
BANC_CCGT,BANC,BANC,2022,1090391.1582965134,176967246.6032746,0.0,0.0,0.0,4461513.966097811,178257744.63785917,0.0,0.0,0.0,0.0,0.0,0.0,0.0,0.0,0.0,0.0,0.0,0.0,0.0,0.0
BANC_CCGT,BANC,BANC,2026,1032789.3295331096,175202782.291398,0.0,0.0,0.0,4225796.521516613,176240995.16220996,0.0,0.0,0.0,0.0,0.0,0.0,0.0,0.0,0.0,0.0,0.0,0.0,0.0,0.0
BANC_CCGT,BANC,BANC,2030,1054670.8549061199,188671210.03827512,0.0,0.0,0.0,4315350.985764216,191168010.00200433,0.0,0.0,0.0,0.0,0.0,0.0,0.0,0.0,0.0,0.0,0.0,0.0,0.0,0.0
BANC_Geothermal_for_Other,BANC,BANC,2020,0.0,0.0,0.0,0.0,0.0,0.0,0.0,0.0,0.0,0.0,0.0,0.0,0.0,0.0,0.0,0.0,0.0,0.0,0.0,0.0,0.0
BANC_Geothermal_for_Other,BANC,BANC,2022,0.0,0.0,0.0,0.0,0.0,0.0,0.0,0.0,0.0,0.0,0.0,0.0,0.0,0.0,0.0,0.0,0.0,0.0,0.0,0.0,0.0
BANC_Geothermal_for_Other,BANC,BANC,2026,0.0,0.0,0.0,0.0,0.0,0.0,0.0,0.0,0.0,0.0,0.0,0.0,0.0,0.0,0.0,0.0,0.0,0.0,0.0,0.0,0.0
BANC_Geothermal_for_Other,BANC,BANC,2030,0.0,0.0,0.0,0.0,0.0,0.0,0.0,0.0,0.0,0.0,0.0,0.0,0.0,0.0,0.0,0.0,0.0,0.0,0.0,0.0,0.0
BANC_Hydro,BANC,BANC,2020,0.0,0.0,0.0,0.0,0.0,7022470.657537904,268328975.59944716,0.0,0.0,0.0,0.0,0.0,0.0,0.0,0.0,0.0,0.0,0.0,0.0,0.0,0.0
BANC_Hydro,BANC,BANC,2022,0.0,0.0,0.0,0.0,0.0,7022469.716149072,267898168.9409308,0.0,0.0,0.0,0.0,0.0,0.0,0.0,0.0,0.0,0.0,0.0,0.0,0.0,0.0
BANC_Hydro,BANC,BANC,2026,0.0,0.0,0.0,0.0,0.0,7022468.432049944,284466652.68431044,0.0,0.0,0.0,0.0,0.0,0.0,0.0,0.0,0.0,0.0,0.0,0.0,0.0,0.0
BANC_Hydro,BANC,BANC,2030,0.0,0.0,0.0,0.0,0.0,7022469.284676996,277625504.6200248,0.0,0.0,0.0,0.0,0.0,0.0,0.0,0.0,0.0,0.0,0.0,0.0,0.0,0.0
BANC_Peaker,BANC,BANC,2020,0.0,0.0,0.0,0.0,0.0,0.0,0.0,0.0,0.0,0.0,0.0,0.0,0.0,0.0,0.0,0.0,0.0,0.0,0.0,0.0,0.0
BANC_Peaker,BANC,BANC,2022,0.0,0.0,0.0,0.0,0.0,0.0,0.0,0.0,0.0,0.0,0.0,0.0,0.0,0.0,0.0,0.0,0.0,0.0,0.0,0.0,0.0
BANC_Peaker,BANC,BANC,2026,0.0,0.0,0.0,0.0,0.0,0.0,0.0,0.0,0.0,0.0,0.0,0.0,0.0,0.0,0.0,0.0,0.0,0.0,0.0,0.0,0.0
BANC_Peaker,BANC,BANC,2030,0.0,0.0,0.0,0.0,0.0,0.0,0.0,0.0,0.0,0.0,0.0,0.0,0.0,0.0,0.0,0.0,0.0,0.0,0.0,0.0,0.0
BANC_Small_Hydro_for_CAISO,BANC,CAISO,2020,0.0,0.0,0.0,0.0,0.0,0.0,0.0,0.0,0.0,0.0,0.0,0.0,0.0,0.0,0.0,0.0,0.0,0.0,0.0,0.0,0.0
BANC_Small_Hydro_for_CAISO,BANC,CAISO,2022,0.0,0.0,0.0,0.0,0.0,0.0,0.0,0.0,0.0,0.0,0.0,0.0,0.0,0.0,0.0,0.0,0.0,0.0,0.0,0.0,0.0
BANC_Small_Hydro_for_CAISO,BANC,CAISO,2026,0.0,0.0,0.0,0.0,0.0,0.0,0.0,0.0,0.0,0.0,0.0,0.0,0.0,0.0,0.0,0.0,0.0,0.0,0.0,0.0,0.0
BANC_Small_Hydro_for_CAISO,BANC,CAISO,2030,0.0,0.0,0.0,0.0,0.0,0.0,0.0,0.0,0.0,0.0,0.0,0.0,0.0,0.0,0.0,0.0,0.0,0.0,0.0,0.0,0.0
BANC_Small_Hydro_for_Other,BANC,BANC,2020,0.0,0.0,0.0,0.0,0.0,0.0,0.0,0.0,0.0,0.0,0.0,0.0,0.0,0.0,0.0,0.0,0.0,0.0,0.0,0.0,0.0
BANC_Small_Hydro_for_Other,BANC,BANC,2022,0.0,0.0,0.0,0.0,0.0,0.0,0.0,0.0,0.0,0.0,0.0,0.0,0.0,0.0,0.0,0.0,0.0,0.0,0.0,0.0,0.0
BANC_Small_Hydro_for_Other,BANC,BANC,2026,0.0,0.0,0.0,0.0,0.0,0.0,0.0,0.0,0.0,0.0,0.0,0.0,0.0,0.0,0.0,0.0,0.0,0.0,0.0,0.0,0.0
BANC_Small_Hydro_for_Other,BANC,BANC,2030,0.0,0.0,0.0,0.0,0.0,0.0,0.0,0.0,0.0,0.0,0.0,0.0,0.0,0.0,0.0,0.0,0.0,0.0,0.0,0.0,0.0
BANC_Solar_for_Other,BANC,BANC,2020,0.0,0.0,0.0,0.0,0.0,4938365.312429833,155539778.51324034,0.0,0.0,0.0,0.0,0.0,0.0,0.0,0.0,0.0,0.0,0.0,0.0,0.0,0.0
BANC_Solar_for_Other,BANC,BANC,2022,0.0,0.0,0.0,0.0,0.0,5872697.217031317,170554591.96380025,0.0,0.0,0.0,0.0,0.0,0.0,0.0,0.0,0.0,0.0,0.0,0.0,0.0,0.0
BANC_Solar_for_Other,BANC,BANC,2026,0.0,0.0,0.0,0.0,0.0,7642405.49209316,212222426.1906339,0.0,0.0,0.0,0.0,0.0,0.0,0.0,0.0,0.0,0.0,0.0,0.0,0.0,0.0
BANC_Solar_for_Other,BANC,BANC,2030,0.0,0.0,0.0,0.0,691810.5076498857,9260036.317348812,144863566.82542893,0.0,0.0,0.0,0.0,0.0,0.0,0.0,0.0,0.0,0.0,0.0,0.0,0.0,0.0
BANC_Wind_for_Other,BANC,BANC,2020,0.0,0.0,0.0,0.0,0.0,0.0,0.0,0.0,0.0,0.0,0.0,0.0,0.0,0.0,0.0,0.0,0.0,0.0,0.0,0.0,0.0
BANC_Wind_for_Other,BANC,BANC,2022,0.0,0.0,0.0,0.0,0.0,0.0,0.0,0.0,0.0,0.0,0.0,0.0,0.0,0.0,0.0,0.0,0.0,0.0,0.0,0.0,0.0
BANC_Wind_for_Other,BANC,BANC,2026,0.0,0.0,0.0,0.0,0.0,0.0,0.0,0.0,0.0,0.0,0.0,0.0,0.0,0.0,0.0,0.0,0.0,0.0,0.0,0.0,0.0
BANC_Wind_for_Other,BANC,BANC,2030,0.0,0.0,0.0,0.0,0.0,0.0,0.0,0.0,0.0,0.0,0.0,0.0,0.0,0.0,0.0,0.0,0.0,0.0,0.0,0.0,0.0
Baja_California_Solar,CAISO,CAISO,2020,0.0,0.0,0.0,0.0,0.0,0.0,0.0,0.0,0.0,0.0,0.0,0.0,0.0,0.0,0.0,0.0,0.0,0.0,0.0,0.0,0.0
Baja_California_Solar,CAISO,CAISO,2022,0.0,0.0,0.0,0.0,0.0,0.0,0.0,0.0,0.0,0.0,0.0,0.0,0.0,0.0,0.0,0.0,0.0,0.0,0.0,0.0,0.0
Baja_California_Solar,CAISO,CAISO,2026,0.0,0.0,0.0,0.0,0.0,0.0,0.0,0.0,0.0,0.0,0.0,0.0,0.0,0.0,0.0,0.0,0.0,0.0,0.0,0.0,0.0
Baja_California_Solar,CAISO,CAISO,2030,0.0,0.0,0.0,0.0,0.0,0.0,0.0,0.0,0.0,0.0,0.0,0.0,0.0,0.0,0.0,0.0,0.0,0.0,0.0,0.0,0.0
Baja_California_Wind,CAISO,CAISO,2020,0.0,0.0,0.0,0.0,0.0,0.0,0.0,0.0,0.0,0.0,0.0,0.0,0.0,0.0,0.0,0.0,0.0,0.0,0.0,0.0,0.0
Baja_California_Wind,CAISO,CAISO,2022,0.0,0.0,0.0,0.0,0.0,0.0,0.0,0.0,0.0,0.0,0.0,0.0,0.0,0.0,0.0,0.0,0.0,0.0,0.0,0.0,0.0
Baja_California_Wind,CAISO,CAISO,2026,0.0,0.0,0.0,0.0,0.0,0.0,0.0,0.0,0.0,0.0,0.0,0.0,0.0,0.0,0.0,0.0,0.0,0.0,0.0,0.0,0.0
Baja_California_Wind,CAISO,CAISO,2030,0.0,0.0,0.0,0.0,0.0,0.0,0.0,0.0,0.0,0.0,0.0,0.0,0.0,0.0,0.0,0.0,0.0,0.0,0.0,0.0,0.0
CAISO_Advanced_CCGT,CAISO,CAISO,2020,0.0,0.0,0.0,0.0,0.0,0.0,0.0,0.0,0.0,0.0,0.0,0.0,0.0,0.0,0.0,0.0,0.0,0.0,0.0,0.0,0.0
CAISO_Advanced_CCGT,CAISO,CAISO,2022,0.0,0.0,0.0,0.0,0.0,0.0,0.0,0.0,0.0,0.0,0.0,0.0,0.0,0.0,0.0,0.0,0.0,0.0,0.0,0.0,0.0
CAISO_Advanced_CCGT,CAISO,CAISO,2026,0.0,0.0,0.0,0.0,0.0,0.0,0.0,0.0,0.0,0.0,0.0,0.0,0.0,0.0,0.0,0.0,0.0,0.0,0.0,0.0,0.0
CAISO_Advanced_CCGT,CAISO,CAISO,2030,0.0,0.0,0.0,0.0,0.0,0.0,0.0,0.0,0.0,0.0,0.0,0.0,0.0,0.0,0.0,0.0,0.0,0.0,0.0,0.0,0.0
CAISO_Aero_CT,CAISO,CAISO,2020,0.0,0.0,0.0,0.0,0.0,0.0,0.0,0.0,0.0,0.0,0.0,0.0,0.0,0.0,0.0,0.0,0.0,0.0,0.0,0.0,0.0
CAISO_Aero_CT,CAISO,CAISO,2022,0.0,0.0,0.0,0.0,0.0,0.0,0.0,0.0,0.0,0.0,0.0,0.0,0.0,0.0,0.0,0.0,0.0,0.0,0.0,0.0,0.0
CAISO_Aero_CT,CAISO,CAISO,2026,0.0,0.0,0.0,0.0,0.0,0.0,0.0,0.0,0.0,0.0,0.0,0.0,0.0,0.0,0.0,0.0,0.0,0.0,0.0,0.0,0.0
CAISO_Aero_CT,CAISO,CAISO,2030,0.0,0.0,0.0,0.0,0.0,0.0,0.0,0.0,0.0,0.0,0.0,0.0,0.0,0.0,0.0,0.0,0.0,0.0,0.0,0.0,0.0
CAISO_BTM_Li_Battery,CAISO,CAISO,2020,0.0,0.0,0.0,0.0,0.0,608248.9396639266,35072245.60089691,0.0,0.0,0.0,0.0,0.0,0.0,0.0,0.0,0.0,0.0,0.0,0.0,0.0,0.0
CAISO_BTM_Li_Battery,CAISO,CAISO,2022,0.0,0.0,0.0,0.0,0.0,997918.9114473555,43501103.347352564,0.0,0.0,0.0,0.0,0.0,0.0,0.0,0.0,0.0,0.0,0.0,0.0,0.0,0.0
CAISO_BTM_Li_Battery,CAISO,CAISO,2026,0.0,0.0,0.0,0.0,0.0,1299605.714045396,62945112.40992793,0.0,0.0,0.0,0.0,0.0,0.0,0.0,0.0,0.0,0.0,0.0,0.0,0.0,0.0
CAISO_BTM_Li_Battery,CAISO,CAISO,2030,0.0,0.0,0.0,0.0,0.0,1575211.7484360682,110723180.13880897,0.0,0.0,0.0,0.0,0.0,0.0,0.0,0.0,0.0,0.0,0.0,0.0,0.0,0.0
CAISO_Biomass_for_CAISO,CAISO,CAISO,2020,10347049.200000003,0.0,0.0,0.0,0.0,6675558.000000036,240379853.34331816,0.0,0.0,0.0,0.0,0.0,0.0,0.0,0.0,0.0,0.0,0.0,0.0,0.0,0.0
CAISO_Biomass_for_CAISO,CAISO,CAISO,2022,10347049.200000003,0.0,0.0,0.0,0.0,6675558.000000036,215723324.9786981,0.0,0.0,0.0,0.0,0.0,0.0,0.0,0.0,0.0,0.0,0.0,0.0,0.0,0.0
CAISO_Biomass_for_CAISO,CAISO,CAISO,2026,10347049.200000003,0.0,0.0,0.0,0.0,6675558.000000036,234081731.2454707,0.0,0.0,0.0,0.0,0.0,0.0,0.0,0.0,0.0,0.0,0.0,0.0,0.0,0.0
CAISO_Biomass_for_CAISO,CAISO,CAISO,2030,10324973.999999953,0.0,0.0,0.0,0.0,6661279.200000033,384146367.5167568,0.0,0.0,0.0,0.0,0.0,0.0,0.0,0.0,0.0,0.0,0.0,0.0,0.0,0.0
CAISO_Biomass_for_Other,CAISO,CAISO,2020,158818.79999999987,0.0,0.0,0.0,0.0,102491.99999999926,3690629.5966364676,0.0,0.0,0.0,0.0,0.0,0.0,0.0,0.0,0.0,0.0,0.0,0.0,0.0,0.0
CAISO_Biomass_for_Other,CAISO,CAISO,2022,158818.79999999987,0.0,0.0,0.0,0.0,102491.99999999926,3312069.9458707,0.0,0.0,0.0,0.0,0.0,0.0,0.0,0.0,0.0,0.0,0.0,0.0,0.0,0.0
CAISO_Biomass_for_Other,CAISO,CAISO,2026,158818.79999999987,0.0,0.0,0.0,0.0,102491.99999999926,3593932.492056966,0.0,0.0,0.0,0.0,0.0,0.0,0.0,0.0,0.0,0.0,0.0,0.0,0.0,0.0
CAISO_Biomass_for_Other,CAISO,CAISO,2030,158818.79999999987,0.0,0.0,0.0,0.0,102491.99999999926,5910565.871421128,0.0,0.0,0.0,0.0,0.0,0.0,0.0,0.0,0.0,0.0,0.0,0.0,0.0,0.0
CAISO_CCGT1,CAISO,CAISO,2020,14519622.4607488,2140026169.6575782,0.0,0.0,0.0,56947633.876629226,2189814282.1575203,1504016.9172291253,641856.7341425987,1504016.9172291253,13320.850036397382,16471.34664410207,137151.0432499008,592625.1293161308,5049874.203555997,453484.4273782779,-2951221.175387241,3412733.438980853,28411921.6885397,4037420.3794314666,-25433977.359659243
CAISO_CCGT1,CAISO,CAISO,2022,8543691.96535896,1285648621.8022554,1011008.1094095869,1011008.0639858353,0.0,33509333.951008223,1295401076.2169044,333343.88241101726,0.0,333343.88241101726,0.0,251695.25504309108,0.0,272136.9718097282,2304611.8308669226,280551.1831450545,-1779458.8660413404,929973.3307728592,7658463.553043689,847131.8157952526,-4781533.320562868
CAISO_CCGT1,CAISO,CAISO,2026,11814768.795826137,1866501939.7402513,2033659.664961534,2033659.664961534,0.0,46338879.279850364,1892190994.2542589,470351.2314249144,1830.6519842779826,470351.2314249144,0.0,188606.566526671,0.0,420709.2705965295,3536711.0829881704,210838.01762438804,-1505103.1001114752,1269499.6152520522,11277506.778879404,1046166.5294884855,-6409855.279790471
CAISO_CCGT1,CAISO,CAISO,2030,11333677.865033573,1893115641.5107012,18003409.265956067,18003409.265956067,0.0,44452010.129529245,3194626790.1322145,579695.585204383,0.0,579695.585204383,0.0,356902.97606838273,0.0,192130.82413581878,3145942.57450663,25523.36637874203,-127901.97568603995,857285.6745760968,14893984.82531665,570301.9801670482,-5432401.467275316
CAISO_CCGT2,CAISO,CAISO,2020,94297.55678713584,10378515.036028137,73057.62941477683,73057.62941477683,0.0,228805.99743353116,9982015.179956648,32353.629181738204,179652.56212318034,32353.629181738204,0.0,24492.505841155642,140812.4188148082,16138.127960256003,238469.23659965245,24665.49034661137,-170685.17109190463,18499.117759958528,270470.9556093493,3336.5837238422473,-21821.2575539283
CAISO_CCGT2,CAISO,CAISO,2022,0.0,0.0,0.0,0.0,0.0,0.0,0.0,0.0,0.0,0.0,0.0,0.0,0.0,0.0,0.0,0.0,0.0,0.0,0.0,0.0,0.0
CAISO_CCGT2,CAISO,CAISO,2026,0.0,0.0,0.0,0.0,0.0,0.0,0.0,0.0,0.0,0.0,0.0,0.0,0.0,0.0,0.0,0.0,0.0,0.0,0.0,0.0,0.0
CAISO_CCGT2,CAISO,CAISO,2030,0.0,0.0,0.0,0.0,0.0,0.0,0.0,0.0,0.0,0.0,0.0,0.0,0.0,0.0,0.0,0.0,0.0,0.0,0.0,0.0,0.0
CAISO_CHP,CAISO,CAISO,2020,16160544.895908572,439661014.3570617,0.0,0.0,0.0,10881055.305580143,392318345.5363343,0.0,0.0,0.0,0.0,0.0,0.0,0.0,0.0,0.0,0.0,0.0,0.0,0.0,0.0
CAISO_CHP,CAISO,CAISO,2022,16160544.895908572,447532338.2613077,0.0,0.0,0.0,10881055.305580143,352821219.853189,0.0,0.0,0.0,0.0,0.0,0.0,0.0,0.0,0.0,0.0,0.0,0.0,0.0,0.0
CAISO_CHP,CAISO,CAISO,2026,16160544.895908572,466436597.6706917,0.0,0.0,0.0,10881055.305580143,383029835.34474504,0.0,0.0,0.0,0.0,0.0,0.0,0.0,0.0,0.0,0.0,0.0,0.0,0.0,0.0
CAISO_CHP,CAISO,CAISO,2030,16160544.895908572,488493515.91284174,0.0,0.0,0.0,10881055.305580143,629477936.9596962,0.0,0.0,0.0,0.0,0.0,0.0,0.0,0.0,0.0,0.0,0.0,0.0,0.0,0.0
CAISO_Coal,CAISO,CAISO,2020,4609087.0232961485,64922660.95148765,0.0,0.0,0.0,1854958.5714144362,72164796.3501474,0.0,0.0,0.0,0.0,0.0,0.0,0.0,0.0,0.0,0.0,0.0,0.0,0.0,0.0
CAISO_Coal,CAISO,CAISO,2022,1241511.7549263164,18394836.98695767,0.0,0.0,0.0,499654.79260522465,20376581.349911556,0.0,0.0,0.0,0.0,0.0,0.0,0.0,0.0,0.0,0.0,0.0,0.0,0.0,0.0
CAISO_Coal,CAISO,CAISO,2026,0.0,0.0,0.0,0.0,0.0,0.0,0.0,0.0,0.0,0.0,0.0,0.0,0.0,0.0,0.0,0.0,0.0,0.0,0.0,0.0,0.0
CAISO_Coal,CAISO,CAISO,2030,0.0,0.0,0.0,0.0,0.0,0.0,0.0,0.0,0.0,0.0,0.0,0.0,0.0,0.0,0.0,0.0,0.0,0.0,0.0,0.0,0.0
CAISO_Existing_Pumped_Storage,CAISO,CAISO,2020,0.0,0.0,0.0,0.0,0.0,357192.2597846512,19184559.495940156,6381815.390887834,8753253.217658773,0.0,0.0,4983235.696204676,27018571.871637516,401040.3212992496,6630666.744174463,372375.8322194716,-1013884.0794319465,2305574.833376735,26039054.428151615,3074684.5177031644,-9750783.987427982
CAISO_Existing_Pumped_Storage,CAISO,CAISO,2022,0.0,0.0,0.0,0.0,0.0,3241973.73520542,154210844.47987062,10452037.579426868,0.0,0.0,0.0,1871835.948608881,1687806.6278995522,224263.86666794273,1903067.1216107737,171345.28792077434,-817060.6144036619,2387473.594668286,20780961.632655323,2222241.2353292634,-9180662.370973246
CAISO_Existing_Pumped_Storage,CAISO,CAISO,2026,0.0,0.0,0.0,0.0,0.0,3061092.6685807984,148706635.91784984,10410265.053061338,192.20357378267468,0.0,0.0,2009090.338679943,3472899.2714912207,353788.1619692638,3431719.1329504573,235244.13368900414,-1335794.9629637916,2219557.020013339,25188750.54018472,1613361.0042704768,-7980203.084844443
CAISO_Existing_Pumped_Storage,CAISO,CAISO,2030,0.0,0.0,0.0,0.0,0.0,3783742.715913241,294076605.1876049,11572113.85678146,0.0,0.0,0.0,1559413.4665185104,7215141.854628931,273759.80500579654,4998569.17573119,113000.17511901112,-846148.6622063549,1797264.5119541222,45812344.413055204,913743.0322901913,-6932109.991618987
CAISO_Geothermal_for_CAISO,CAISO,CAISO,2020,13846231.20000005,0.0,0.0,0.0,0.0,12702963.600000072,457420417.46824896,0.0,0.0,0.0,0.0,0.0,0.0,0.0,0.0,0.0,0.0,0.0,0.0,0.0,0.0
CAISO_Geothermal_for_CAISO,CAISO,CAISO,2022,13846231.20000005,0.0,0.0,0.0,0.0,12702963.600000072,410501346.0860298,0.0,0.0,0.0,0.0,0.0,0.0,0.0,0.0,0.0,0.0,0.0,0.0,0.0,0.0
CAISO_Geothermal_for_CAISO,CAISO,CAISO,2026,13846231.20000005,0.0,0.0,0.0,0.0,12702963.600000072,445435679.15014523,0.0,0.0,0.0,0.0,0.0,0.0,0.0,0.0,0.0,0.0,0.0,0.0,0.0,0.0
CAISO_Geothermal_for_CAISO,CAISO,CAISO,2030,13846231.20000005,0.0,0.0,0.0,0.0,12702963.600000072,732561596.2227749,0.0,0.0,0.0,0.0,0.0,0.0,0.0,0.0,0.0,0.0,0.0,0.0,0.0,0.0
CAISO_Geothermal_for_Other,CAISO,CAISO,2020,369234.0,0.0,0.0,0.0,0.0,338749.19999999605,12198003.974524125,0.0,0.0,0.0,0.0,0.0,0.0,0.0,0.0,0.0,0.0,0.0,0.0,0.0,0.0
CAISO_Geothermal_for_Other,CAISO,CAISO,2022,369234.0,0.0,0.0,0.0,0.0,338749.19999999605,10946815.795454683,0.0,0.0,0.0,0.0,0.0,0.0,0.0,0.0,0.0,0.0,0.0,0.0,0.0,0.0
CAISO_Geothermal_for_Other,CAISO,CAISO,2026,369234.0,0.0,0.0,0.0,0.0,338749.19999999605,11878407.646824157,0.0,0.0,0.0,0.0,0.0,0.0,0.0,0.0,0.0,0.0,0.0,0.0,0.0,0.0
CAISO_Geothermal_for_Other,CAISO,CAISO,2030,369234.0,0.0,0.0,0.0,0.0,338749.19999999605,19535177.9699021,0.0,0.0,0.0,0.0,0.0,0.0,0.0,0.0,0.0,0.0,0.0,0.0,0.0,0.0
CAISO_Hydro,CAISO,CAISO,2020,0.0,0.0,0.0,0.0,0.0,18378541.114153992,694310048.7870852,2725292.499286223,2285938.336955339,0.0,0.0,989522.6751388322,3901781.1085066795,651549.6610780233,8217909.063077717,1077832.4920854946,-6767474.519070049,7638692.063379075,66521685.041770905,5756162.356810186,-36352403.00050454
CAISO_Hydro,CAISO,CAISO,2022,0.0,0.0,0.0,0.0,0.0,18551574.695065163,655170549.4846219,5316682.493841434,0.0,0.0,0.0,1215188.8792728633,307962.48800323834,691794.1098181836,6297489.035319751,698672.4475182805,-3784827.0936897746,4608358.039769942,40979689.07759913,4010405.6064459067,-25423777.17997423
CAISO_Hydro,CAISO,CAISO,2026,0.0,0.0,0.0,0.0,0.0,18737062.255845856,710972436.5014864,4862906.429590626,23223.119714526605,0.0,0.0,1152707.5181321753,725085.5483363104,848841.9857131446,10195425.096977094,766947.632666267,-5505438.797692008,4782081.935368529,46662394.54242219,5200347.254390651,-37726613.36493003
CAISO_Hydro,CAISO,CAISO,2030,0.0,0.0,0.0,0.0,0.0,18827115.320490185,1188724623.5459301,5725541.426416117,0.0,0.0,0.0,1154329.3534436647,645095.3645374472,644780.4489575446,11021106.555093138,910992.1942012012,-10891224.948163211,4029298.878990775,79868575.82247,4557491.135516057,-59515923.90006602
CAISO_New_Flow_Battery,CAISO,CAISO,2020,0.0,0.0,0.0,0.0,0.0,0.0,0.0,0.0,0.0,0.0,0.0,0.0,0.0,0.0,0.0,0.0,0.0,0.0,0.0,0.0,0.0
CAISO_New_Flow_Battery,CAISO,CAISO,2022,0.0,0.0,0.0,0.0,0.0,0.0,0.0,0.0,0.0,0.0,0.0,0.0,0.0,0.0,0.0,0.0,0.0,0.0,0.0,0.0,0.0
CAISO_New_Flow_Battery,CAISO,CAISO,2026,0.0,0.0,0.0,0.0,0.0,0.0,0.0,0.0,0.0,0.0,0.0,0.0,0.0,0.0,0.0,0.0,0.0,0.0,0.0,0.0,0.0
CAISO_New_Flow_Battery,CAISO,CAISO,2030,0.0,0.0,0.0,0.0,0.0,0.0,0.0,0.0,0.0,0.0,0.0,0.0,0.0,0.0,0.0,0.0,0.0,0.0,0.0,0.0,0.0
CAISO_New_Flow_Battery_2,CAISO,CAISO,2020,0.0,0.0,0.0,0.0,0.0,0.0,0.0,0.0,0.0,0.0,0.0,0.0,0.0,0.0,0.0,0.0,0.0,0.0,0.0,0.0,0.0
CAISO_New_Flow_Battery_2,CAISO,CAISO,2022,0.0,0.0,0.0,0.0,0.0,0.0,0.0,0.0,0.0,0.0,0.0,0.0,0.0,0.0,0.0,0.0,0.0,0.0,0.0,0.0,0.0
CAISO_New_Flow_Battery_2,CAISO,CAISO,2026,0.0,0.0,0.0,0.0,0.0,0.0,0.0,0.0,0.0,0.0,0.0,0.0,0.0,0.0,0.0,0.0,0.0,0.0,0.0,0.0,0.0
CAISO_New_Flow_Battery_2,CAISO,CAISO,2030,0.0,0.0,0.0,0.0,0.0,0.0,0.0,0.0,0.0,0.0,0.0,0.0,0.0,0.0,0.0,0.0,0.0,0.0,0.0,0.0,0.0
CAISO_New_Flow_Battery_3,CAISO,CAISO,2020,0.0,0.0,0.0,0.0,0.0,0.0,0.0,0.0,0.0,0.0,0.0,0.0,0.0,0.0,0.0,0.0,0.0,0.0,0.0,0.0,0.0
CAISO_New_Flow_Battery_3,CAISO,CAISO,2022,0.0,0.0,0.0,0.0,0.0,0.0,0.0,0.0,0.0,0.0,0.0,0.0,0.0,0.0,0.0,0.0,0.0,0.0,0.0,0.0,0.0
CAISO_New_Flow_Battery_3,CAISO,CAISO,2026,0.0,0.0,0.0,0.0,0.0,0.0,0.0,0.0,0.0,0.0,0.0,0.0,0.0,0.0,0.0,0.0,0.0,0.0,0.0,0.0,0.0
CAISO_New_Flow_Battery_3,CAISO,CAISO,2030,0.0,0.0,0.0,0.0,0.0,0.0,0.0,0.0,0.0,0.0,0.0,0.0,0.0,0.0,0.0,0.0,0.0,0.0,0.0,0.0,0.0
CAISO_New_Flow_Battery_4,CAISO,CAISO,2020,0.0,0.0,0.0,0.0,0.0,0.0,0.0,0.0,0.0,0.0,0.0,0.0,0.0,0.0,0.0,0.0,0.0,0.0,0.0,0.0,0.0
CAISO_New_Flow_Battery_4,CAISO,CAISO,2022,0.0,0.0,0.0,0.0,0.0,0.0,0.0,0.0,0.0,0.0,0.0,0.0,0.0,0.0,0.0,0.0,0.0,0.0,0.0,0.0,0.0
CAISO_New_Flow_Battery_4,CAISO,CAISO,2026,0.0,0.0,0.0,0.0,0.0,0.0,0.0,0.0,0.0,0.0,0.0,0.0,0.0,0.0,0.0,0.0,0.0,0.0,0.0,0.0,0.0
CAISO_New_Flow_Battery_4,CAISO,CAISO,2030,0.0,0.0,0.0,0.0,0.0,0.0,0.0,0.0,0.0,0.0,0.0,0.0,0.0,0.0,0.0,0.0,0.0,0.0,0.0,0.0,0.0
CAISO_New_Flow_Battery_5,CAISO,CAISO,2020,0.0,0.0,0.0,0.0,0.0,0.0,0.0,0.0,0.0,0.0,0.0,0.0,0.0,0.0,0.0,0.0,0.0,0.0,0.0,0.0,0.0
CAISO_New_Flow_Battery_5,CAISO,CAISO,2022,0.0,0.0,0.0,0.0,0.0,0.0,0.0,0.0,0.0,0.0,0.0,0.0,0.0,0.0,0.0,0.0,0.0,0.0,0.0,0.0,0.0
CAISO_New_Flow_Battery_5,CAISO,CAISO,2026,0.0,0.0,0.0,0.0,0.0,0.0,0.0,0.0,0.0,0.0,0.0,0.0,0.0,0.0,0.0,0.0,0.0,0.0,0.0,0.0,0.0
CAISO_New_Flow_Battery_5,CAISO,CAISO,2030,0.0,0.0,0.0,0.0,0.0,0.0,0.0,0.0,0.0,0.0,0.0,0.0,0.0,0.0,0.0,0.0,0.0,0.0,0.0,0.0,0.0
CAISO_New_Li_Battery,CAISO,CAISO,2020,0.0,0.0,0.0,0.0,0.0,419404.72066154564,21806873.880509943,3459369.979421593,11701944.664046584,3459369.979421593,64111.86912043385,1251921.1713158065,2776500.5167613453,760528.4723133473,7818960.409573718,493522.62889965356,-1753426.2885544316,1885876.5911526363,18852146.393500533,2696081.889852048,-13819202.470254155
CAISO_New_Li_Battery,CAISO,CAISO,2022,0.0,0.0,0.0,0.0,0.0,6168519.669832403,262590258.2934008,54838197.28181908,5018712.894930013,54838197.28181908,0.0,4083315.1808442543,8916407.60029896,1285813.8834009562,10289374.943170136,1323442.0114878942,-5764067.95878245,10057554.012322115,67042092.03903565,8732641.16676759,-42888228.30158121
CAISO_New_Li_Battery,CAISO,CAISO,2026,0.0,0.0,0.0,0.0,0.0,9070214.959116094,436094019.07218397,57656366.733951114,7358170.161039725,57656366.733951114,0.0,4263301.957247899,10303210.31274516,914562.8786302338,6465706.006666674,1324872.2878745475,-5613134.819602551,12985720.54945784,89483291.71982498,11303694.816934157,-56914217.30953925
CAISO_New_Li_Battery,CAISO,CAISO,2030,0.0,0.0,0.0,0.0,0.0,11147252.16462059,821211682.7511451,59308471.25856634,1140183.4577030835,59308471.25856634,0.0,2405845.7407332985,1705004.419725194,834338.0898232706,8163042.0405788785,1027153.0515559161,-8077519.3810436195,14292530.898288462,138952041.1355719,9770955.753179127,-79615307.43061134
CAISO_New_Li_Battery_2,CAISO,CAISO,2020,0.0,0.0,0.0,0.0,0.0,0.0,0.0,0.0,0.0,0.0,0.0,0.0,0.0,0.0,0.0,0.0,0.0,0.0,0.0,0.0,0.0
CAISO_New_Li_Battery_2,CAISO,CAISO,2022,0.0,0.0,0.0,0.0,0.0,0.0,0.0,0.0,0.0,0.0,0.0,0.0,0.0,0.0,0.0,0.0,0.0,0.0,0.0,0.0,0.0
CAISO_New_Li_Battery_2,CAISO,CAISO,2026,0.0,0.0,0.0,0.0,0.0,0.0,0.0,0.0,0.0,0.0,0.0,0.0,0.0,0.0,0.0,0.0,0.0,0.0,0.0,0.0,0.0
CAISO_New_Li_Battery_2,CAISO,CAISO,2030,0.0,0.0,0.0,0.0,0.0,5290621.796117715,398067880.38602054,34528872.86613552,1174345.1690015038,34528872.86613552,0.0,2233034.07702363,2189230.463184253,624567.4091699439,8558689.026217757,493018.0969063959,-2918814.3146875044,3861622.4340098393,44982748.791003674,4933867.426401032,-41592817.097156286
CAISO_New_Li_Battery_3,CAISO,CAISO,2020,0.0,0.0,0.0,0.0,0.0,0.0,0.0,0.0,0.0,0.0,0.0,0.0,0.0,0.0,0.0,0.0,0.0,0.0,0.0,0.0,0.0
CAISO_New_Li_Battery_3,CAISO,CAISO,2022,0.0,0.0,0.0,0.0,0.0,0.0,0.0,0.0,0.0,0.0,0.0,0.0,0.0,0.0,0.0,0.0,0.0,0.0,0.0,0.0,0.0
CAISO_New_Li_Battery_3,CAISO,CAISO,2026,0.0,0.0,0.0,0.0,0.0,0.0,0.0,0.0,0.0,0.0,0.0,0.0,0.0,0.0,0.0,0.0,0.0,0.0,0.0,0.0,0.0
CAISO_New_Li_Battery_3,CAISO,CAISO,2030,0.0,0.0,0.0,0.0,0.0,217.9108992057454,8654.289756505184,2882.080153919261,707.5765515133256,2882.080153919261,0.0,771.1483224226243,407.335616354557,521.4751369071608,7504.344440576341,410.5121560922896,-2901.5350452534212,176.07644084045137,2266.451440256,295.397765969144,-3146.0045479647556
CAISO_New_Li_Battery_4,CAISO,CAISO,2020,0.0,0.0,0.0,0.0,0.0,0.0,0.0,0.0,0.0,0.0,0.0,0.0,0.0,0.0,0.0,0.0,0.0,0.0,0.0,0.0,0.0
CAISO_New_Li_Battery_4,CAISO,CAISO,2022,0.0,0.0,0.0,0.0,0.0,0.0,0.0,0.0,0.0,0.0,0.0,0.0,0.0,0.0,0.0,0.0,0.0,0.0,0.0,0.0,0.0
CAISO_New_Li_Battery_4,CAISO,CAISO,2026,0.0,0.0,0.0,0.0,0.0,0.0,0.0,0.0,0.0,0.0,0.0,0.0,0.0,0.0,0.0,0.0,0.0,0.0,0.0,0.0,0.0
CAISO_New_Li_Battery_4,CAISO,CAISO,2030,0.0,0.0,0.0,0.0,0.0,0.0,0.0,0.0,0.0,0.0,0.0,0.0,0.0,0.0,0.0,0.0,0.0,0.0,0.0,0.0,0.0
CAISO_New_Li_Battery_5,CAISO,CAISO,2020,0.0,0.0,0.0,0.0,0.0,0.0,0.0,0.0,0.0,0.0,0.0,0.0,0.0,0.0,0.0,0.0,0.0,0.0,0.0,0.0,0.0
CAISO_New_Li_Battery_5,CAISO,CAISO,2022,0.0,0.0,0.0,0.0,0.0,0.0,0.0,0.0,0.0,0.0,0.0,0.0,0.0,0.0,0.0,0.0,0.0,0.0,0.0,0.0,0.0
CAISO_New_Li_Battery_5,CAISO,CAISO,2026,0.0,0.0,0.0,0.0,0.0,0.0,0.0,0.0,0.0,0.0,0.0,0.0,0.0,0.0,0.0,0.0,0.0,0.0,0.0,0.0,0.0
CAISO_New_Li_Battery_5,CAISO,CAISO,2030,0.0,0.0,0.0,0.0,0.0,0.0,0.0,0.0,0.0,0.0,0.0,0.0,0.0,0.0,0.0,0.0,0.0,0.0,0.0,0.0,0.0
CAISO_New_Li_Battery_6,CAISO,CAISO,2020,0.0,0.0,0.0,0.0,0.0,0.0,0.0,0.0,0.0,0.0,0.0,0.0,0.0,0.0,0.0,0.0,0.0,0.0,0.0,0.0,0.0
CAISO_New_Li_Battery_6,CAISO,CAISO,2022,0.0,0.0,0.0,0.0,0.0,0.0,0.0,0.0,0.0,0.0,0.0,0.0,0.0,0.0,0.0,0.0,0.0,0.0,0.0,0.0,0.0
CAISO_New_Li_Battery_6,CAISO,CAISO,2026,0.0,0.0,0.0,0.0,0.0,0.0,0.0,0.0,0.0,0.0,0.0,0.0,0.0,0.0,0.0,0.0,0.0,0.0,0.0,0.0,0.0
CAISO_New_Li_Battery_6,CAISO,CAISO,2030,0.0,0.0,0.0,0.0,0.0,0.0,0.0,0.0,0.0,0.0,0.0,0.0,0.0,0.0,0.0,0.0,0.0,0.0,0.0,0.0,0.0
CAISO_New_Pumped_Storage,CAISO,CAISO,2020,0.0,0.0,0.0,0.0,0.0,0.0,0.0,0.0,0.0,0.0,0.0,0.0,0.0,0.0,0.0,0.0,0.0,0.0,0.0,0.0,0.0
CAISO_New_Pumped_Storage,CAISO,CAISO,2022,0.0,0.0,0.0,0.0,0.0,0.0,0.0,0.0,0.0,0.0,0.0,0.0,0.0,0.0,0.0,0.0,0.0,0.0,0.0,0.0,0.0
CAISO_New_Pumped_Storage,CAISO,CAISO,2026,0.0,0.0,0.0,0.0,0.0,0.0,0.0,0.0,0.0,0.0,0.0,0.0,0.0,0.0,0.0,0.0,0.0,0.0,0.0,0.0,0.0
CAISO_New_Pumped_Storage,CAISO,CAISO,2030,0.0,0.0,0.0,0.0,0.0,0.0,0.0,0.0,0.0,0.0,0.0,0.0,0.0,0.0,0.0,0.0,0.0,0.0,0.0,0.0,0.0
CAISO_Nuclear,CAISO,CAISO,2020,42502361.09240275,187818162.5372183,0.0,0.0,0.0,23611122.76847004,850970720.7711549,0.0,0.0,0.0,0.0,0.0,0.0,0.0,0.0,0.0,0.0,0.0,0.0,0.0,0.0
CAISO_Nuclear,CAISO,CAISO,2022,42502361.09240275,187818162.5372183,0.0,0.0,0.0,23611122.76847004,767527885.1282413,0.0,0.0,0.0,0.0,0.0,0.0,0.0,0.0,0.0,0.0,0.0,0.0,0.0,0.0
CAISO_Nuclear,CAISO,CAISO,2026,9195561.152051765,40635265.18844862,0.0,0.0,0.0,5108368.98057186,180226202.32777366,0.0,0.0,0.0,0.0,0.0,0.0,0.0,0.0,0.0,0.0,0.0,0.0,0.0,0.0
CAISO_Nuclear,CAISO,CAISO,2030,9195561.152051765,40635265.18844862,0.0,0.0,0.0,5108368.98057186,296245803.4969703,0.0,0.0,0.0,0.0,0.0,0.0,0.0,0.0,0.0,0.0,0.0,0.0,0.0,0.0
CAISO_Peaker1,CAISO,CAISO,2020,1580965.4477933466,77534839.99440578,8575505.57450964,8575506.089293653,0.0,1182005.9085189993,72633221.25696614,171944.10845784706,5086479.948598826,171944.10845784706,5213.130327489404,0.0,0.0,0.0,0.0,0.0,0.0,792301.2060745229,23299255.479085855,128032.33279973909,-738620.824748772
CAISO_Peaker1,CAISO,CAISO,2022,448215.6591494265,17944421.932030957,1817842.4005882891,1817842.3831120778,0.0,335106.86165755894,22127295.42623364,3472.387519870239,93665.66472046352,3472.387519870239,0.0,0.0,0.0,0.0,0.0,0.0,0.0,26684.381365599547,879433.2866887196,127079.3664509302,-1071907.5425834511
CAISO_Peaker1,CAISO,CAISO,2026,380402.3527193119,20167579.09508771,2833147.4344605096,2833147.4344605096,0.0,284407.14265679877,19440214.129422598,34801.22455516817,963624.7031523079,34801.22455516817,0.0,0.0,0.0,0.0,0.0,0.0,0.0,149270.03117201067,6097061.4330595555,35267.41531591936,-286427.9864110058
CAISO_Peaker1,CAISO,CAISO,2030,67011.71739557729,4184187.141518969,577638.588357307,577638.588357307,0.0,50101.11457500046,5720040.572802385,8180.347859818783,310861.8602904976,8180.347859818783,0.0,0.0,0.0,0.0,0.0,0.0,0.0,43332.911734527195,2330654.660869387,0.0,0.0
CAISO_Peaker2,CAISO,CAISO,2020,0.0,0.0,0.0,0.0,0.0,0.0,0.0,0.0,0.0,0.0,0.0,0.0,0.0,0.0,0.0,0.0,0.0,0.0,0.0,0.0,0.0
CAISO_Peaker2,CAISO,CAISO,2022,0.0,0.0,0.0,0.0,0.0,0.0,0.0,0.0,0.0,0.0,0.0,0.0,0.0,0.0,0.0,0.0,0.0,0.0,0.0,0.0,0.0
CAISO_Peaker2,CAISO,CAISO,2026,0.0,0.0,0.0,0.0,0.0,0.0,0.0,0.0,0.0,0.0,0.0,0.0,0.0,0.0,0.0,0.0,0.0,0.0,0.0,0.0,0.0
CAISO_Peaker2,CAISO,CAISO,2030,0.0,0.0,0.0,0.0,0.0,0.0,0.0,0.0,0.0,0.0,0.0,0.0,0.0,0.0,0.0,0.0,0.0,0.0,0.0,0.0,0.0
CAISO_Reciprocating_Engine,CAISO,CAISO,2020,72599.65227948318,7090994.065289692,672058.0489738612,672058.2834860076,0.0,70202.24248611782,3404417.886868919,37370.79665800984,692886.6912565914,37370.79665800984,1110.8422515333534,0.0,0.0,0.0,0.0,0.0,0.0,352643.08801045216,8365990.874171476,0.0,0.0
CAISO_Reciprocating_Engine,CAISO,CAISO,2022,143489.10082368943,7109468.501241914,421758.67422963434,421758.52061623055,0.0,138768.08752377995,8095274.09258152,1955.8573042299176,52249.35522221975,1955.8573042299176,0.0,0.0,0.0,0.0,0.0,0.0,0.0,97495.90743445259,1833607.988585671,69122.61134597253,-575091.2641839538
CAISO_Reciprocating_Engine,CAISO,CAISO,2026,45691.62207628348,3414143.363635743,405390.0438731135,405390.0438731135,0.0,44185.39728856391,2518573.4827586366,13639.080532273845,217437.06474203264,13639.080532273845,0.0,0.0,0.0,0.0,0.0,0.0,0.0,103870.4059746158,2998382.3888163767,13124.046849691033,-109456.08280600663
CAISO_Reciprocating_Engine,CAISO,CAISO,2030,7374.0930451849235,809060.7687116892,159184.93772114936,159184.93772114936,0.0,7131.767061713309,598000.8928911069,1653.1839943329276,37808.38761338843,1653.1839943329276,0.0,0.0,0.0,0.0,0.0,0.0,0.0,30933.52440411105,1384921.144831731,0.0,0.0
CAISO_ST,CAISO,CAISO,2020,0.0,0.0,0.0,0.0,0.0,0.0,0.0,0.0,0.0,0.0,0.0,0.0,0.0,0.0,0.0,0.0,0.0,0.0,0.0,0.0,0.0
CAISO_ST,CAISO,CAISO,2022,0.0,0.0,0.0,0.0,0.0,0.0,0.0,0.0,0.0,0.0,0.0,0.0,0.0,0.0,0.0,0.0,0.0,0.0,0.0,0.0,0.0
CAISO_ST,CAISO,CAISO,2026,0.0,0.0,0.0,0.0,0.0,0.0,0.0,0.0,0.0,0.0,0.0,0.0,0.0,0.0,0.0,0.0,0.0,0.0,0.0,0.0,0.0
CAISO_ST,CAISO,CAISO,2030,0.0,0.0,0.0,0.0,0.0,0.0,0.0,0.0,0.0,0.0,0.0,0.0,0.0,0.0,0.0,0.0,0.0,0.0,0.0,0.0,0.0
CAISO_Shed_DR_Existing,CAISO,CAISO,2020,0.0,0.0,0.0,0.0,0.0,0.0,0.0,0.0,0.0,0.0,0.0,0.0,0.0,0.0,0.0,0.0,0.0,0.0,0.0,0.0,0.0
CAISO_Shed_DR_Existing,CAISO,CAISO,2022,0.0,0.0,0.0,0.0,0.0,0.0,0.0,0.0,0.0,0.0,0.0,0.0,0.0,0.0,0.0,0.0,0.0,0.0,0.0,0.0,0.0
CAISO_Shed_DR_Existing,CAISO,CAISO,2026,0.0,0.0,0.0,0.0,0.0,0.0,0.0,0.0,0.0,0.0,0.0,0.0,0.0,0.0,0.0,0.0,0.0,0.0,0.0,0.0,0.0
CAISO_Shed_DR_Existing,CAISO,CAISO,2030,0.0,0.0,0.0,0.0,0.0,0.0,0.0,0.0,0.0,0.0,0.0,0.0,0.0,0.0,0.0,0.0,0.0,0.0,0.0,0.0,0.0
CAISO_Shed_DR_Tranche1,CAISO,CAISO,2020,0.0,0.0,0.0,0.0,0.0,0.0,0.0,0.0,0.0,0.0,0.0,0.0,0.0,0.0,0.0,0.0,0.0,0.0,0.0,0.0,0.0
CAISO_Shed_DR_Tranche1,CAISO,CAISO,2022,0.0,0.0,0.0,0.0,0.0,0.0,0.0,0.0,0.0,0.0,0.0,0.0,0.0,0.0,0.0,0.0,0.0,0.0,0.0,0.0,0.0
CAISO_Shed_DR_Tranche1,CAISO,CAISO,2026,0.0,0.0,0.0,0.0,0.0,0.0,0.0,0.0,0.0,0.0,0.0,0.0,0.0,0.0,0.0,0.0,0.0,0.0,0.0,0.0,0.0
CAISO_Shed_DR_Tranche1,CAISO,CAISO,2030,0.0,0.0,0.0,0.0,0.0,0.0,0.0,0.0,0.0,0.0,0.0,0.0,0.0,0.0,0.0,0.0,0.0,0.0,0.0,0.0,0.0
CAISO_Shed_DR_Tranche2,CAISO,CAISO,2020,0.0,0.0,0.0,0.0,0.0,0.0,0.0,0.0,0.0,0.0,0.0,0.0,0.0,0.0,0.0,0.0,0.0,0.0,0.0,0.0,0.0
CAISO_Shed_DR_Tranche2,CAISO,CAISO,2022,0.0,0.0,0.0,0.0,0.0,0.0,0.0,0.0,0.0,0.0,0.0,0.0,0.0,0.0,0.0,0.0,0.0,0.0,0.0,0.0,0.0
CAISO_Shed_DR_Tranche2,CAISO,CAISO,2026,0.0,0.0,0.0,0.0,0.0,0.0,0.0,0.0,0.0,0.0,0.0,0.0,0.0,0.0,0.0,0.0,0.0,0.0,0.0,0.0,0.0
CAISO_Shed_DR_Tranche2,CAISO,CAISO,2030,0.0,0.0,0.0,0.0,0.0,0.0,0.0,0.0,0.0,0.0,0.0,0.0,0.0,0.0,0.0,0.0,0.0,0.0,0.0,0.0,0.0
CAISO_Shed_DR_Tranche3,CAISO,CAISO,2020,0.0,0.0,0.0,0.0,0.0,0.0,0.0,0.0,0.0,0.0,0.0,0.0,0.0,0.0,0.0,0.0,0.0,0.0,0.0,0.0,0.0
CAISO_Shed_DR_Tranche3,CAISO,CAISO,2022,0.0,0.0,0.0,0.0,0.0,0.0,0.0,0.0,0.0,0.0,0.0,0.0,0.0,0.0,0.0,0.0,0.0,0.0,0.0,0.0,0.0
CAISO_Shed_DR_Tranche3,CAISO,CAISO,2026,0.0,0.0,0.0,0.0,0.0,0.0,0.0,0.0,0.0,0.0,0.0,0.0,0.0,0.0,0.0,0.0,0.0,0.0,0.0,0.0,0.0
CAISO_Shed_DR_Tranche3,CAISO,CAISO,2030,0.0,0.0,0.0,0.0,0.0,0.0,0.0,0.0,0.0,0.0,0.0,0.0,0.0,0.0,0.0,0.0,0.0,0.0,0.0,0.0,0.0
CAISO_Shed_DR_Tranche4,CAISO,CAISO,2020,0.0,0.0,0.0,0.0,0.0,0.0,0.0,0.0,0.0,0.0,0.0,0.0,0.0,0.0,0.0,0.0,0.0,0.0,0.0,0.0,0.0
CAISO_Shed_DR_Tranche4,CAISO,CAISO,2022,0.0,0.0,0.0,0.0,0.0,0.0,0.0,0.0,0.0,0.0,0.0,0.0,0.0,0.0,0.0,0.0,0.0,0.0,0.0,0.0,0.0
CAISO_Shed_DR_Tranche4,CAISO,CAISO,2026,0.0,0.0,0.0,0.0,0.0,0.0,0.0,0.0,0.0,0.0,0.0,0.0,0.0,0.0,0.0,0.0,0.0,0.0,0.0,0.0,0.0
CAISO_Shed_DR_Tranche4,CAISO,CAISO,2030,0.0,0.0,0.0,0.0,0.0,0.0,0.0,0.0,0.0,0.0,0.0,0.0,0.0,0.0,0.0,0.0,0.0,0.0,0.0,0.0,0.0
CAISO_Shed_DR_Tranche5,CAISO,CAISO,2020,0.0,0.0,0.0,0.0,0.0,0.0,0.0,0.0,0.0,0.0,0.0,0.0,0.0,0.0,0.0,0.0,0.0,0.0,0.0,0.0,0.0
CAISO_Shed_DR_Tranche5,CAISO,CAISO,2022,0.0,0.0,0.0,0.0,0.0,0.0,0.0,0.0,0.0,0.0,0.0,0.0,0.0,0.0,0.0,0.0,0.0,0.0,0.0,0.0,0.0
CAISO_Shed_DR_Tranche5,CAISO,CAISO,2026,0.0,0.0,0.0,0.0,0.0,0.0,0.0,0.0,0.0,0.0,0.0,0.0,0.0,0.0,0.0,0.0,0.0,0.0,0.0,0.0,0.0
CAISO_Shed_DR_Tranche5,CAISO,CAISO,2030,0.0,0.0,0.0,0.0,0.0,0.0,0.0,0.0,0.0,0.0,0.0,0.0,0.0,0.0,0.0,0.0,0.0,0.0,0.0,0.0,0.0
CAISO_Shed_DR_Tranche6,CAISO,CAISO,2020,0.0,0.0,0.0,0.0,0.0,0.0,0.0,0.0,0.0,0.0,0.0,0.0,0.0,0.0,0.0,0.0,0.0,0.0,0.0,0.0,0.0
CAISO_Shed_DR_Tranche6,CAISO,CAISO,2022,0.0,0.0,0.0,0.0,0.0,0.0,0.0,0.0,0.0,0.0,0.0,0.0,0.0,0.0,0.0,0.0,0.0,0.0,0.0,0.0,0.0
CAISO_Shed_DR_Tranche6,CAISO,CAISO,2026,0.0,0.0,0.0,0.0,0.0,0.0,0.0,0.0,0.0,0.0,0.0,0.0,0.0,0.0,0.0,0.0,0.0,0.0,0.0,0.0,0.0
CAISO_Shed_DR_Tranche6,CAISO,CAISO,2030,0.0,0.0,0.0,0.0,0.0,0.0,0.0,0.0,0.0,0.0,0.0,0.0,0.0,0.0,0.0,0.0,0.0,0.0,0.0,0.0,0.0
CAISO_Shed_DR_Tranche7,CAISO,CAISO,2020,0.0,0.0,0.0,0.0,0.0,0.0,0.0,0.0,0.0,0.0,0.0,0.0,0.0,0.0,0.0,0.0,0.0,0.0,0.0,0.0,0.0
CAISO_Shed_DR_Tranche7,CAISO,CAISO,2022,0.0,0.0,0.0,0.0,0.0,0.0,0.0,0.0,0.0,0.0,0.0,0.0,0.0,0.0,0.0,0.0,0.0,0.0,0.0,0.0,0.0
CAISO_Shed_DR_Tranche7,CAISO,CAISO,2026,0.0,0.0,0.0,0.0,0.0,0.0,0.0,0.0,0.0,0.0,0.0,0.0,0.0,0.0,0.0,0.0,0.0,0.0,0.0,0.0,0.0
CAISO_Shed_DR_Tranche7,CAISO,CAISO,2030,0.0,0.0,0.0,0.0,0.0,0.0,0.0,0.0,0.0,0.0,0.0,0.0,0.0,0.0,0.0,0.0,0.0,0.0,0.0,0.0,0.0
CAISO_Shed_DR_Tranche8,CAISO,CAISO,2020,0.0,0.0,0.0,0.0,0.0,0.0,0.0,0.0,0.0,0.0,0.0,0.0,0.0,0.0,0.0,0.0,0.0,0.0,0.0,0.0,0.0
CAISO_Shed_DR_Tranche8,CAISO,CAISO,2022,0.0,0.0,0.0,0.0,0.0,0.0,0.0,0.0,0.0,0.0,0.0,0.0,0.0,0.0,0.0,0.0,0.0,0.0,0.0,0.0,0.0
CAISO_Shed_DR_Tranche8,CAISO,CAISO,2026,0.0,0.0,0.0,0.0,0.0,0.0,0.0,0.0,0.0,0.0,0.0,0.0,0.0,0.0,0.0,0.0,0.0,0.0,0.0,0.0,0.0
CAISO_Shed_DR_Tranche8,CAISO,CAISO,2030,0.0,0.0,0.0,0.0,0.0,0.0,0.0,0.0,0.0,0.0,0.0,0.0,0.0,0.0,0.0,0.0,0.0,0.0,0.0,0.0,0.0
CAISO_Small_Hydro_for_CAISO,CAISO,CAISO,2020,0.0,0.0,0.0,0.0,0.0,4205763.599999985,151445143.21719143,0.0,0.0,0.0,0.0,0.0,0.0,0.0,0.0,0.0,0.0,0.0,0.0,0.0,0.0
CAISO_Small_Hydro_for_CAISO,CAISO,CAISO,2022,0.0,0.0,0.0,0.0,0.0,4205763.599999985,135910931.77025485,0.0,0.0,0.0,0.0,0.0,0.0,0.0,0.0,0.0,0.0,0.0,0.0,0.0,0.0
CAISO_Small_Hydro_for_CAISO,CAISO,CAISO,2026,0.0,0.0,0.0,0.0,0.0,4205763.599999985,147477173.39841598,0.0,0.0,0.0,0.0,0.0,0.0,0.0,0.0,0.0,0.0,0.0,0.0,0.0,0.0
CAISO_Small_Hydro_for_CAISO,CAISO,CAISO,2030,0.0,0.0,0.0,0.0,0.0,4205763.599999985,242540323.12205136,0.0,0.0,0.0,0.0,0.0,0.0,0.0,0.0,0.0,0.0,0.0,0.0,0.0,0.0
CAISO_Small_Hydro_for_Other,CAISO,CAISO,2020,0.0,0.0,0.0,0.0,0.0,120887.99999999993,4353050.29346865,0.0,0.0,0.0,0.0,0.0,0.0,0.0,0.0,0.0,0.0,0.0,0.0,0.0,0.0
CAISO_Small_Hydro_for_Other,CAISO,CAISO,2022,0.0,0.0,0.0,0.0,0.0,120887.99999999993,3906544.038719291,0.0,0.0,0.0,0.0,0.0,0.0,0.0,0.0,0.0,0.0,0.0,0.0,0.0,0.0
CAISO_Small_Hydro_for_Other,CAISO,CAISO,2026,0.0,0.0,0.0,0.0,0.0,120887.99999999993,4238997.29832358,0.0,0.0,0.0,0.0,0.0,0.0,0.0,0.0,0.0,0.0,0.0,0.0,0.0,0.0
CAISO_Small_Hydro_for_Other,CAISO,CAISO,2030,0.0,0.0,0.0,0.0,0.0,120887.99999999993,6971436.6688556755,0.0,0.0,0.0,0.0,0.0,0.0,0.0,0.0,0.0,0.0,0.0,0.0,0.0,0.0
CAISO_Solar_for_CAISO,CAISO,CAISO,2020,0.0,0.0,0.0,0.0,0.0,34980657.44539361,1033171614.6601923,0.0,0.0,0.0,0.0,0.0,0.0,0.0,0.0,0.0,0.0,0.0,0.0,809949.7153873204,758864.3728798656
CAISO_Solar_for_CAISO,CAISO,CAISO,2022,0.0,0.0,0.0,0.0,0.0,35072311.775843635,655359810.3688776,0.0,0.0,0.0,0.0,0.0,0.0,0.0,0.0,0.0,0.0,0.0,0.0,1152938.5788634697,971461.9804524127
CAISO_Solar_for_CAISO,CAISO,CAISO,2026,0.0,0.0,0.0,0.0,0.0,35903173.54844599,767653043.7750759,0.0,0.0,0.0,0.0,0.0,0.0,0.0,0.0,0.0,0.0,0.0,0.0,1010624.5154594961,863952.3353119872
CAISO_Solar_for_CAISO,CAISO,CAISO,2030,0.0,0.0,0.0,0.0,0.0,36114058.27923047,1074102972.7001288,0.0,0.0,0.0,0.0,0.0,0.0,0.0,0.0,0.0,0.0,0.0,0.0,1633717.7432932728,7384869.573786061
CAISO_Solar_for_Other,CAISO,CAISO,2020,0.0,0.0,0.0,0.0,0.0,28916.154796559586,857868.5935716685,0.0,0.0,0.0,0.0,0.0,0.0,0.0,0.0,0.0,0.0,0.0,0.0,659.7455701237578,631.8771715155575
CAISO_Solar_for_Other,CAISO,CAISO,2022,0.0,0.0,0.0,0.0,0.0,28491.78675984078,522241.2388491216,0.0,0.0,0.0,0.0,0.0,0.0,0.0,0.0,0.0,0.0,0.0,0.0,990.5278508956866,772.2577455088208
CAISO_Solar_for_Other,CAISO,CAISO,2026,0.0,0.0,0.0,0.0,0.0,28826.039178599152,611726.1216133777,0.0,0.0,0.0,0.0,0.0,0.0,0.0,0.0,0.0,0.0,0.0,0.0,857.4782909753832,689.6712083382263
CAISO_Solar_for_Other,CAISO,CAISO,2030,0.0,0.0,0.0,0.0,0.0,23368.765140020027,855916.6486640947,0.0,0.0,0.0,0.0,0.0,0.0,0.0,0.0,0.0,0.0,0.0,0.0,695.5430294986974,2900.8940023975797
CAISO_Wind_for_CAISO,CAISO,CAISO,2020,0.0,0.0,0.0,0.0,0.0,17506767.368758228,630645838.723529,0.0,0.0,0.0,0.0,0.0,0.0,0.0,0.0,0.0,0.0,0.0,0.0,215607.17927494782,168088.23398231057
CAISO_Wind_for_CAISO,CAISO,CAISO,2022,0.0,0.0,0.0,0.0,0.0,16945515.39239381,581310293.5139177,0.0,0.0,0.0,0.0,0.0,0.0,0.0,0.0,0.0,0.0,0.0,0.0,179281.63373317878,303431.25170897314
CAISO_Wind_for_CAISO,CAISO,CAISO,2026,0.0,0.0,0.0,0.0,0.0,17448117.59153797,638239252.6343211,0.0,0.0,0.0,0.0,0.0,0.0,0.0,0.0,0.0,0.0,0.0,0.0,248195.9919799592,159523.67431910525
CAISO_Wind_for_CAISO,CAISO,CAISO,2030,0.0,0.0,0.0,0.0,0.0,17525305.15038817,1057781854.5309542,0.0,0.0,0.0,0.0,0.0,0.0,0.0,0.0,0.0,0.0,0.0,0.0,375462.2981909353,1772296.9570656423
CAISO_Wind_for_Other,CAISO,CAISO,2020,0.0,0.0,0.0,0.0,0.0,694934.0165336382,24857537.84209685,0.0,0.0,0.0,0.0,0.0,0.0,0.0,0.0,0.0,0.0,0.0,0.0,9200.292989038891,8014.6209046157055
CAISO_Wind_for_Other,CAISO,CAISO,2022,0.0,0.0,0.0,0.0,0.0,688385.7192027597,22557200.678780176,0.0,0.0,0.0,0.0,0.0,0.0,0.0,0.0,0.0,0.0,0.0,0.0,10244.430740496477,11874.990453894618
CAISO_Wind_for_Other,CAISO,CAISO,2026,0.0,0.0,0.0,0.0,0.0,693085.4107635169,24779679.845588293,0.0,0.0,0.0,0.0,0.0,0.0,0.0,0.0,0.0,0.0,0.0,0.0,11818.79693390061,6515.705152519393
CAISO_Wind_for_Other,CAISO,CAISO,2030,0.0,0.0,0.0,0.0,0.0,625234.6565568898,41015765.65353462,0.0,0.0,0.0,0.0,0.0,0.0,0.0,0.0,0.0,0.0,0.0,0.0,8068.270077979638,17227.25371903555
Cape_Mendocino_Offshore_Wind,CAISO,CAISO,2020,0.0,0.0,0.0,0.0,0.0,0.0,0.0,0.0,0.0,0.0,0.0,0.0,0.0,0.0,0.0,0.0,0.0,0.0,0.0,0.0,0.0
Cape_Mendocino_Offshore_Wind,CAISO,CAISO,2022,0.0,0.0,0.0,0.0,0.0,0.0,0.0,0.0,0.0,0.0,0.0,0.0,0.0,0.0,0.0,0.0,0.0,0.0,0.0,0.0,0.0
Cape_Mendocino_Offshore_Wind,CAISO,CAISO,2026,0.0,0.0,0.0,0.0,0.0,0.0,0.0,0.0,0.0,0.0,0.0,0.0,0.0,0.0,0.0,0.0,0.0,0.0,0.0,0.0,0.0
Cape_Mendocino_Offshore_Wind,CAISO,CAISO,2030,0.0,0.0,0.0,0.0,0.0,0.0,0.0,0.0,0.0,0.0,0.0,0.0,0.0,0.0,0.0,0.0,0.0,0.0,0.0,0.0,0.0
Carrizo_Solar,CAISO,CAISO,2020,0.0,0.0,0.0,0.0,0.0,0.0,0.0,0.0,0.0,0.0,0.0,0.0,0.0,0.0,0.0,0.0,0.0,0.0,0.0,0.0,0.0
Carrizo_Solar,CAISO,CAISO,2022,0.0,0.0,0.0,0.0,0.0,0.0,0.0,0.0,0.0,0.0,0.0,0.0,0.0,0.0,0.0,0.0,0.0,0.0,0.0,0.0,0.0
Carrizo_Solar,CAISO,CAISO,2026,0.0,0.0,0.0,0.0,0.0,0.0,0.0,0.0,0.0,0.0,0.0,0.0,0.0,0.0,0.0,0.0,0.0,0.0,0.0,0.0,0.0
Carrizo_Solar,CAISO,CAISO,2030,0.0,0.0,0.0,0.0,0.0,0.0,0.0,0.0,0.0,0.0,0.0,0.0,0.0,0.0,0.0,0.0,0.0,0.0,0.0,0.0,0.0
Carrizo_Wind,CAISO,CAISO,2020,0.0,0.0,0.0,0.0,0.0,0.0,0.0,0.0,0.0,0.0,0.0,0.0,0.0,0.0,0.0,0.0,0.0,0.0,0.0,0.0,0.0
Carrizo_Wind,CAISO,CAISO,2022,0.0,0.0,0.0,0.0,0.0,0.0,0.0,0.0,0.0,0.0,0.0,0.0,0.0,0.0,0.0,0.0,0.0,0.0,0.0,0.0,0.0
Carrizo_Wind,CAISO,CAISO,2026,0.0,0.0,0.0,0.0,0.0,0.0,0.0,0.0,0.0,0.0,0.0,0.0,0.0,0.0,0.0,0.0,0.0,0.0,0.0,0.0,0.0
Carrizo_Wind,CAISO,CAISO,2030,0.0,0.0,0.0,0.0,0.0,507264.308692536,31115713.3138248,0.0,0.0,0.0,0.0,0.0,0.0,0.0,0.0,0.0,0.0,0.0,0.0,10812.544030620717,33335.39994054708
Central_Valley_North_Los_Banos_Solar,CAISO,CAISO,2020,0.0,0.0,0.0,0.0,0.0,0.0,0.0,0.0,0.0,0.0,0.0,0.0,0.0,0.0,0.0,0.0,0.0,0.0,0.0,0.0,0.0
Central_Valley_North_Los_Banos_Solar,CAISO,CAISO,2022,0.0,0.0,0.0,0.0,0.0,0.0,0.0,0.0,0.0,0.0,0.0,0.0,0.0,0.0,0.0,0.0,0.0,0.0,0.0,0.0,0.0
Central_Valley_North_Los_Banos_Solar,CAISO,CAISO,2026,0.0,0.0,0.0,0.0,0.0,0.0,0.0,0.0,0.0,0.0,0.0,0.0,0.0,0.0,0.0,0.0,0.0,0.0,0.0,0.0,0.0
Central_Valley_North_Los_Banos_Solar,CAISO,CAISO,2030,0.0,0.0,0.0,0.0,0.0,0.0,0.0,0.0,0.0,0.0,0.0,0.0,0.0,0.0,0.0,0.0,0.0,0.0,0.0,0.0,0.0
Central_Valley_North_Los_Banos_Wind,CAISO,CAISO,2020,0.0,0.0,0.0,0.0,0.0,0.0,0.0,0.0,0.0,0.0,0.0,0.0,0.0,0.0,0.0,0.0,0.0,0.0,0.0,0.0,0.0
Central_Valley_North_Los_Banos_Wind,CAISO,CAISO,2022,0.0,0.0,0.0,0.0,0.0,0.0,0.0,0.0,0.0,0.0,0.0,0.0,0.0,0.0,0.0,0.0,0.0,0.0,0.0,0.0,0.0
Central_Valley_North_Los_Banos_Wind,CAISO,CAISO,2026,0.0,0.0,0.0,0.0,0.0,0.0,0.0,0.0,0.0,0.0,0.0,0.0,0.0,0.0,0.0,0.0,0.0,0.0,0.0,0.0,0.0
Central_Valley_North_Los_Banos_Wind,CAISO,CAISO,2030,0.0,0.0,0.0,0.0,0.0,0.0,0.0,0.0,0.0,0.0,0.0,0.0,0.0,0.0,0.0,0.0,0.0,0.0,0.0,0.0,0.0
Customer_PV,CAISO,CAISO,2020,0.0,0.0,0.0,0.0,0.0,18632793.842470102,535633864.32814443,0.0,0.0,0.0,0.0,0.0,0.0,0.0,0.0,0.0,0.0,0.0,0.0,0.0,0.0
Customer_PV,CAISO,CAISO,2022,0.0,0.0,0.0,0.0,0.0,23291226.1918022,390102137.58422565,0.0,0.0,0.0,0.0,0.0,0.0,0.0,0.0,0.0,0.0,0.0,0.0,0.0,0.0
Customer_PV,CAISO,CAISO,2026,0.0,0.0,0.0,0.0,0.0,30631194.167181794,606837901.8215885,0.0,0.0,0.0,0.0,0.0,0.0,0.0,0.0,0.0,0.0,0.0,0.0,0.0,0.0
Customer_PV,CAISO,CAISO,2030,0.0,0.0,0.0,0.0,0.0,38045617.67642591,1043223418.8606112,0.0,0.0,0.0,0.0,0.0,0.0,0.0,0.0,0.0,0.0,0.0,0.0,0.0,0.0
Del_Norte_Offshore_Wind,CAISO,CAISO,2020,0.0,0.0,0.0,0.0,0.0,0.0,0.0,0.0,0.0,0.0,0.0,0.0,0.0,0.0,0.0,0.0,0.0,0.0,0.0,0.0,0.0
Del_Norte_Offshore_Wind,CAISO,CAISO,2022,0.0,0.0,0.0,0.0,0.0,0.0,0.0,0.0,0.0,0.0,0.0,0.0,0.0,0.0,0.0,0.0,0.0,0.0,0.0,0.0,0.0
Del_Norte_Offshore_Wind,CAISO,CAISO,2026,0.0,0.0,0.0,0.0,0.0,0.0,0.0,0.0,0.0,0.0,0.0,0.0,0.0,0.0,0.0,0.0,0.0,0.0,0.0,0.0,0.0
Del_Norte_Offshore_Wind,CAISO,CAISO,2030,0.0,0.0,0.0,0.0,0.0,0.0,0.0,0.0,0.0,0.0,0.0,0.0,0.0,0.0,0.0,0.0,0.0,0.0,0.0,0.0,0.0
Diablo_Canyon_Offshore_Wind,CAISO,CAISO,2020,0.0,0.0,0.0,0.0,0.0,0.0,0.0,0.0,0.0,0.0,0.0,0.0,0.0,0.0,0.0,0.0,0.0,0.0,0.0,0.0,0.0
Diablo_Canyon_Offshore_Wind,CAISO,CAISO,2022,0.0,0.0,0.0,0.0,0.0,0.0,0.0,0.0,0.0,0.0,0.0,0.0,0.0,0.0,0.0,0.0,0.0,0.0,0.0,0.0,0.0
Diablo_Canyon_Offshore_Wind,CAISO,CAISO,2026,0.0,0.0,0.0,0.0,0.0,0.0,0.0,0.0,0.0,0.0,0.0,0.0,0.0,0.0,0.0,0.0,0.0,0.0,0.0,0.0,0.0
Diablo_Canyon_Offshore_Wind,CAISO,CAISO,2030,0.0,0.0,0.0,0.0,0.0,0.0,0.0,0.0,0.0,0.0,0.0,0.0,0.0,0.0,0.0,0.0,0.0,0.0,0.0,0.0,0.0
Distributed_Solar,CAISO,CAISO,2020,0.0,0.0,0.0,0.0,0.0,0.0,0.0,0.0,0.0,0.0,0.0,0.0,0.0,0.0,0.0,0.0,0.0,0.0,0.0,0.0,0.0
Distributed_Solar,CAISO,CAISO,2022,0.0,0.0,0.0,0.0,0.0,0.0,0.0,0.0,0.0,0.0,0.0,0.0,0.0,0.0,0.0,0.0,0.0,0.0,0.0,0.0,0.0
Distributed_Solar,CAISO,CAISO,2026,0.0,0.0,0.0,0.0,0.0,0.0,0.0,0.0,0.0,0.0,0.0,0.0,0.0,0.0,0.0,0.0,0.0,0.0,0.0,0.0,0.0
Distributed_Solar,CAISO,CAISO,2030,0.0,0.0,0.0,0.0,0.0,0.0,0.0,0.0,0.0,0.0,0.0,0.0,0.0,0.0,0.0,0.0,0.0,0.0,0.0,0.0,0.0
Distributed_Wind,CAISO,CAISO,2020,0.0,0.0,0.0,0.0,0.0,0.0,0.0,0.0,0.0,0.0,0.0,0.0,0.0,0.0,0.0,0.0,0.0,0.0,0.0,0.0,0.0
Distributed_Wind,CAISO,CAISO,2022,0.0,0.0,0.0,0.0,0.0,0.0,0.0,0.0,0.0,0.0,0.0,0.0,0.0,0.0,0.0,0.0,0.0,0.0,0.0,0.0,0.0
Distributed_Wind,CAISO,CAISO,2026,0.0,0.0,0.0,0.0,0.0,0.0,0.0,0.0,0.0,0.0,0.0,0.0,0.0,0.0,0.0,0.0,0.0,0.0,0.0,0.0,0.0
Distributed_Wind,CAISO,CAISO,2030,0.0,0.0,0.0,0.0,0.0,0.0,0.0,0.0,0.0,0.0,0.0,0.0,0.0,0.0,0.0,0.0,0.0,0.0,0.0,0.0,0.0
EV_Charging,CAISO,CAISO,2020,0.0,0.0,0.0,0.0,0.0,0.0,0.0,0.0,0.0,0.0,0.0,0.0,0.0,0.0,0.0,0.0,0.0,0.0,0.0,0.0,0.0
EV_Charging,CAISO,CAISO,2022,0.0,0.0,0.0,0.0,0.0,0.0,0.0,0.0,0.0,0.0,0.0,0.0,0.0,0.0,0.0,0.0,0.0,0.0,0.0,0.0,0.0
EV_Charging,CAISO,CAISO,2026,0.0,0.0,0.0,0.0,0.0,0.0,0.0,0.0,0.0,0.0,0.0,0.0,0.0,0.0,0.0,0.0,0.0,0.0,0.0,0.0,0.0
EV_Charging,CAISO,CAISO,2030,0.0,0.0,0.0,0.0,0.0,0.0,0.0,0.0,0.0,0.0,0.0,0.0,0.0,0.0,0.0,0.0,0.0,0.0,0.0,0.0,0.0
Greater_Imperial_Geothermal,CAISO,CAISO,2020,0.0,0.0,0.0,0.0,0.0,0.0,0.0,0.0,0.0,0.0,0.0,0.0,0.0,0.0,0.0,0.0,0.0,0.0,0.0,0.0,0.0
Greater_Imperial_Geothermal,CAISO,CAISO,2022,0.0,0.0,0.0,0.0,0.0,0.0,0.0,0.0,0.0,0.0,0.0,0.0,0.0,0.0,0.0,0.0,0.0,0.0,0.0,0.0,0.0
Greater_Imperial_Geothermal,CAISO,CAISO,2026,0.0,0.0,0.0,0.0,0.0,0.0,0.0,0.0,0.0,0.0,0.0,0.0,0.0,0.0,0.0,0.0,0.0,0.0,0.0,0.0,0.0
Greater_Imperial_Geothermal,CAISO,CAISO,2030,0.0,0.0,0.0,0.0,0.0,0.0,0.0,0.0,0.0,0.0,0.0,0.0,0.0,0.0,0.0,0.0,0.0,0.0,0.0,0.0,0.0
Greater_Imperial_Solar,CAISO,CAISO,2020,0.0,0.0,0.0,0.0,0.0,0.0,0.0,0.0,0.0,0.0,0.0,0.0,0.0,0.0,0.0,0.0,0.0,0.0,0.0,0.0,0.0
Greater_Imperial_Solar,CAISO,CAISO,2022,0.0,0.0,0.0,0.0,0.0,4738762.623078314,93464378.39317338,0.0,0.0,0.0,0.0,0.0,0.0,0.0,0.0,0.0,0.0,0.0,0.0,142740.99640550127,101670.09986820881
Greater_Imperial_Solar,CAISO,CAISO,2026,0.0,0.0,0.0,0.0,0.0,4774488.483483802,109528348.74894163,0.0,0.0,0.0,0.0,0.0,0.0,0.0,0.0,0.0,0.0,0.0,0.0,114045.72087194787,121337.55227343053
Greater_Imperial_Solar,CAISO,CAISO,2030,0.0,0.0,0.0,0.0,0.0,7084566.929458132,232988357.8486361,0.0,0.0,0.0,0.0,0.0,0.0,0.0,0.0,0.0,0.0,0.0,0.0,281701.5686593765,1515160.6885061099
Greater_Imperial_Wind,CAISO,CAISO,2020,0.0,0.0,0.0,0.0,0.0,0.0,0.0,0.0,0.0,0.0,0.0,0.0,0.0,0.0,0.0,0.0,0.0,0.0,0.0,0.0,0.0
Greater_Imperial_Wind,CAISO,CAISO,2022,0.0,0.0,0.0,0.0,0.0,0.0,0.0,0.0,0.0,0.0,0.0,0.0,0.0,0.0,0.0,0.0,0.0,0.0,0.0,0.0,0.0
Greater_Imperial_Wind,CAISO,CAISO,2026,0.0,0.0,0.0,0.0,0.0,0.0,0.0,0.0,0.0,0.0,0.0,0.0,0.0,0.0,0.0,0.0,0.0,0.0,0.0,0.0,0.0
Greater_Imperial_Wind,CAISO,CAISO,2030,0.0,0.0,0.0,0.0,0.0,0.0,0.0,0.0,0.0,0.0,0.0,0.0,0.0,0.0,0.0,0.0,0.0,0.0,0.0,0.0,0.0
Greater_Kramer_Wind,CAISO,CAISO,2020,0.0,0.0,0.0,0.0,0.0,0.0,0.0,0.0,0.0,0.0,0.0,0.0,0.0,0.0,0.0,0.0,0.0,0.0,0.0,0.0,0.0
Greater_Kramer_Wind,CAISO,CAISO,2022,0.0,0.0,0.0,0.0,0.0,0.0,0.0,0.0,0.0,0.0,0.0,0.0,0.0,0.0,0.0,0.0,0.0,0.0,0.0,0.0,0.0
Greater_Kramer_Wind,CAISO,CAISO,2026,0.0,0.0,0.0,0.0,0.0,0.0,0.0,0.0,0.0,0.0,0.0,0.0,0.0,0.0,0.0,0.0,0.0,0.0,0.0,0.0,0.0
Greater_Kramer_Wind,CAISO,CAISO,2030,0.0,0.0,0.0,0.0,0.0,0.0,0.0,0.0,0.0,0.0,0.0,0.0,0.0,0.0,0.0,0.0,0.0,0.0,0.0,0.0,0.0
Humboldt_Bay_Offshore_Wind,CAISO,CAISO,2020,0.0,0.0,0.0,0.0,0.0,0.0,0.0,0.0,0.0,0.0,0.0,0.0,0.0,0.0,0.0,0.0,0.0,0.0,0.0,0.0,0.0
Humboldt_Bay_Offshore_Wind,CAISO,CAISO,2022,0.0,0.0,0.0,0.0,0.0,0.0,0.0,0.0,0.0,0.0,0.0,0.0,0.0,0.0,0.0,0.0,0.0,0.0,0.0,0.0,0.0
Humboldt_Bay_Offshore_Wind,CAISO,CAISO,2026,0.0,0.0,0.0,0.0,0.0,0.0,0.0,0.0,0.0,0.0,0.0,0.0,0.0,0.0,0.0,0.0,0.0,0.0,0.0,0.0,0.0
Humboldt_Bay_Offshore_Wind,CAISO,CAISO,2030,0.0,0.0,0.0,0.0,0.0,0.0,0.0,0.0,0.0,0.0,0.0,0.0,0.0,0.0,0.0,0.0,0.0,0.0,0.0,0.0,0.0
Humboldt_Wind,CAISO,CAISO,2020,0.0,0.0,0.0,0.0,0.0,0.0,0.0,0.0,0.0,0.0,0.0,0.0,0.0,0.0,0.0,0.0,0.0,0.0,0.0,0.0,0.0
Humboldt_Wind,CAISO,CAISO,2022,0.0,0.0,0.0,0.0,0.0,0.0,0.0,0.0,0.0,0.0,0.0,0.0,0.0,0.0,0.0,0.0,0.0,0.0,0.0,0.0,0.0
Humboldt_Wind,CAISO,CAISO,2026,0.0,0.0,0.0,0.0,0.0,0.0,0.0,0.0,0.0,0.0,0.0,0.0,0.0,0.0,0.0,0.0,0.0,0.0,0.0,0.0,0.0
Humboldt_Wind,CAISO,CAISO,2030,0.0,0.0,0.0,0.0,0.0,0.0,0.0,0.0,0.0,0.0,0.0,0.0,0.0,0.0,0.0,0.0,0.0,0.0,0.0,0.0,0.0
Hydrogen_electrolysis,CAISO,CAISO,2020,0.0,0.0,0.0,0.0,0.0,0.0,0.0,0.0,0.0,0.0,0.0,0.0,0.0,0.0,0.0,0.0,0.0,0.0,0.0,0.0,0.0
Hydrogen_electrolysis,CAISO,CAISO,2022,0.0,0.0,0.0,0.0,0.0,0.0,0.0,0.0,0.0,0.0,0.0,0.0,0.0,0.0,0.0,0.0,0.0,0.0,0.0,0.0,0.0
Hydrogen_electrolysis,CAISO,CAISO,2026,0.0,0.0,0.0,0.0,0.0,0.0,0.0,0.0,0.0,0.0,0.0,0.0,0.0,0.0,0.0,0.0,0.0,0.0,0.0,0.0,0.0
Hydrogen_electrolysis,CAISO,CAISO,2030,0.0,0.0,0.0,0.0,0.0,0.0,0.0,0.0,0.0,0.0,0.0,0.0,0.0,0.0,0.0,0.0,0.0,0.0,0.0,0.0,0.0
IID_Biomass_for_Other,IID,IID,2020,0.0,0.0,0.0,0.0,0.0,0.0,0.0,0.0,0.0,0.0,0.0,0.0,0.0,0.0,0.0,0.0,0.0,0.0,0.0,0.0,0.0
IID_Biomass_for_Other,IID,IID,2022,0.0,0.0,0.0,0.0,0.0,0.0,0.0,0.0,0.0,0.0,0.0,0.0,0.0,0.0,0.0,0.0,0.0,0.0,0.0,0.0,0.0
IID_Biomass_for_Other,IID,IID,2026,0.0,0.0,0.0,0.0,0.0,0.0,0.0,0.0,0.0,0.0,0.0,0.0,0.0,0.0,0.0,0.0,0.0,0.0,0.0,0.0,0.0
IID_Biomass_for_Other,IID,IID,2030,0.0,0.0,0.0,0.0,0.0,0.0,0.0,0.0,0.0,0.0,0.0,0.0,0.0,0.0,0.0,0.0,0.0,0.0,0.0,0.0,0.0
IID_CCGT,IID,IID,2020,116802.83856216446,20557826.953552432,0.0,0.0,0.0,477892.9736935122,21231461.49330363,0.0,0.0,0.0,0.0,0.0,0.0,0.0,0.0,0.0,0.0,0.0,0.0,0.0,0.0
IID_CCGT,IID,IID,2022,44221.944271119464,7799816.114494791,11757.00910925227,11757.00910925227,0.0,180957.69102438263,8011484.15742023,0.0,0.0,0.0,0.0,0.0,0.0,0.0,0.0,0.0,0.0,0.0,0.0,0.0,0.0
IID_CCGT,IID,IID,2026,51295.64660945829,9326137.568453748,0.0,0.0,0.0,209860.9081833437,9516147.439754834,0.0,0.0,0.0,0.0,0.0,0.0,0.0,0.0,0.0,0.0,0.0,0.0,0.0,0.0
IID_CCGT,IID,IID,2030,130430.06573552405,24960540.93865343,158786.39680801384,158786.3793318023,0.0,533640.5626286467,27728367.662327845,0.0,0.0,0.0,0.0,0.0,0.0,0.0,0.0,0.0,0.0,0.0,0.0,0.0,0.0
IID_Geothermal_for_CAISO,IID,CAISO,2020,634048.800000002,0.0,0.0,0.0,0.0,581664.0000000016,22744805.47812805,0.0,0.0,0.0,0.0,0.0,0.0,0.0,0.0,0.0,0.0,0.0,0.0,0.0,0.0
IID_Geothermal_for_CAISO,IID,CAISO,2022,634048.800000002,0.0,0.0,0.0,0.0,581664.0000000016,22308606.68484253,0.0,0.0,0.0,0.0,0.0,0.0,0.0,0.0,0.0,0.0,0.0,0.0,0.0,0.0
IID_Geothermal_for_CAISO,IID,CAISO,2026,634048.800000002,0.0,0.0,0.0,0.0,581664.0000000016,23436752.62811553,0.0,0.0,0.0,0.0,0.0,0.0,0.0,0.0,0.0,0.0,0.0,0.0,0.0,0.0
IID_Geothermal_for_CAISO,IID,CAISO,2030,634048.800000002,0.0,0.0,0.0,0.0,581664.0000000016,25204314.57501702,0.0,0.0,0.0,0.0,0.0,0.0,0.0,0.0,0.0,0.0,0.0,0.0,0.0,0.0
IID_Geothermal_for_Other,IID,IID,2020,38193.600000000304,0.0,0.0,0.0,0.0,35040.00000000002,1370169.0047065073,0.0,0.0,0.0,0.0,0.0,0.0,0.0,0.0,0.0,0.0,0.0,0.0,0.0,0.0
IID_Geothermal_for_Other,IID,IID,2022,38193.600000000304,0.0,0.0,0.0,0.0,35040.00000000002,1343891.9689664165,0.0,0.0,0.0,0.0,0.0,0.0,0.0,0.0,0.0,0.0,0.0,0.0,0.0,0.0
IID_Geothermal_for_Other,IID,IID,2026,38193.600000000304,0.0,0.0,0.0,0.0,35040.00000000002,1411852.5679587603,0.0,0.0,0.0,0.0,0.0,0.0,0.0,0.0,0.0,0.0,0.0,0.0,0.0,0.0
IID_Geothermal_for_Other,IID,IID,2030,38193.600000000304,0.0,0.0,0.0,0.0,35040.00000000002,1518332.2033142813,0.0,0.0,0.0,0.0,0.0,0.0,0.0,0.0,0.0,0.0,0.0,0.0,0.0,0.0
IID_Hydro,IID,IID,2020,0.0,0.0,0.0,0.0,0.0,254747.49342953268,10653995.459973156,0.0,0.0,0.0,0.0,0.0,0.0,0.0,0.0,0.0,0.0,0.0,0.0,0.0,0.0
IID_Hydro,IID,IID,2022,0.0,0.0,0.0,0.0,0.0,254747.49565776912,10461261.95924411,0.0,0.0,0.0,0.0,0.0,0.0,0.0,0.0,0.0,0.0,0.0,0.0,0.0,0.0
IID_Hydro,IID,IID,2026,0.0,0.0,0.0,0.0,0.0,254747.6564679341,11015906.312207619,0.0,0.0,0.0,0.0,0.0,0.0,0.0,0.0,0.0,0.0,0.0,0.0,0.0,0.0
IID_Hydro,IID,IID,2030,0.0,0.0,0.0,0.0,0.0,254748.19619168912,12092020.000453897,0.0,0.0,0.0,0.0,0.0,0.0,0.0,0.0,0.0,0.0,0.0,0.0,0.0,0.0
IID_Peaker,IID,IID,2020,0.0,0.0,0.0,0.0,0.0,0.0,0.0,0.0,0.0,0.0,0.0,0.0,0.0,0.0,0.0,0.0,0.0,0.0,0.0,0.0,0.0
IID_Peaker,IID,IID,2022,0.0,0.0,0.0,0.0,0.0,0.0,0.0,0.0,0.0,0.0,0.0,0.0,0.0,0.0,0.0,0.0,0.0,0.0,0.0,0.0,0.0
IID_Peaker,IID,IID,2026,0.0,0.0,0.0,0.0,0.0,0.0,0.0,0.0,0.0,0.0,0.0,0.0,0.0,0.0,0.0,0.0,0.0,0.0,0.0,0.0,0.0
IID_Peaker,IID,IID,2030,25312.05126103318,1510314.971912315,83107.91356869196,83107.91356869196,0.0,22527.47270005947,1701840.3654600144,0.0,0.0,0.0,0.0,0.0,0.0,0.0,0.0,0.0,0.0,0.0,0.0,0.0,0.0
IID_Small_Hydro_for_Other,IID,IID,2020,0.0,0.0,0.0,0.0,0.0,0.0,0.0,0.0,0.0,0.0,0.0,0.0,0.0,0.0,0.0,0.0,0.0,0.0,0.0,0.0,0.0
IID_Small_Hydro_for_Other,IID,IID,2022,0.0,0.0,0.0,0.0,0.0,0.0,0.0,0.0,0.0,0.0,0.0,0.0,0.0,0.0,0.0,0.0,0.0,0.0,0.0,0.0,0.0
IID_Small_Hydro_for_Other,IID,IID,2026,0.0,0.0,0.0,0.0,0.0,0.0,0.0,0.0,0.0,0.0,0.0,0.0,0.0,0.0,0.0,0.0,0.0,0.0,0.0,0.0,0.0
IID_Small_Hydro_for_Other,IID,IID,2030,0.0,0.0,0.0,0.0,0.0,0.0,0.0,0.0,0.0,0.0,0.0,0.0,0.0,0.0,0.0,0.0,0.0,0.0,0.0,0.0,0.0
IID_Solar_for_CAISO,IID,CAISO,2020,0.0,0.0,0.0,0.0,0.0,147634.2748656447,5460048.722755643,0.0,0.0,0.0,0.0,0.0,0.0,0.0,0.0,0.0,0.0,0.0,0.0,0.0,0.0
IID_Solar_for_CAISO,IID,CAISO,2022,0.0,0.0,0.0,0.0,0.0,147634.2748656447,4824012.244492436,0.0,0.0,0.0,0.0,0.0,0.0,0.0,0.0,0.0,0.0,0.0,0.0,0.0,0.0
IID_Solar_for_CAISO,IID,CAISO,2026,0.0,0.0,0.0,0.0,0.0,147634.2748656447,5034727.499650975,0.0,0.0,0.0,0.0,0.0,0.0,0.0,0.0,0.0,0.0,0.0,0.0,0.0,0.0
IID_Solar_for_CAISO,IID,CAISO,2030,0.0,0.0,0.0,0.0,0.0,147634.2748656447,5383162.069435953,0.0,0.0,0.0,0.0,0.0,0.0,0.0,0.0,0.0,0.0,0.0,0.0,0.0,0.0
IID_Solar_for_Other,IID,IID,2020,0.0,0.0,0.0,0.0,0.0,0.0,0.0,0.0,0.0,0.0,0.0,0.0,0.0,0.0,0.0,0.0,0.0,0.0,0.0,0.0,0.0
IID_Solar_for_Other,IID,IID,2022,0.0,0.0,0.0,0.0,0.0,0.0,0.0,0.0,0.0,0.0,0.0,0.0,0.0,0.0,0.0,0.0,0.0,0.0,0.0,0.0,0.0
IID_Solar_for_Other,IID,IID,2026,0.0,0.0,0.0,0.0,0.0,0.0,0.0,0.0,0.0,0.0,0.0,0.0,0.0,0.0,0.0,0.0,0.0,0.0,0.0,0.0,0.0
IID_Solar_for_Other,IID,IID,2030,0.0,0.0,0.0,0.0,0.0,0.0,0.0,0.0,0.0,0.0,0.0,0.0,0.0,0.0,0.0,0.0,0.0,0.0,0.0,0.0,0.0
IID_Wind_for_Other,IID,IID,2020,0.0,0.0,0.0,0.0,0.0,0.0,0.0,0.0,0.0,0.0,0.0,0.0,0.0,0.0,0.0,0.0,0.0,0.0,0.0,0.0,0.0
IID_Wind_for_Other,IID,IID,2022,0.0,0.0,0.0,0.0,0.0,0.0,0.0,0.0,0.0,0.0,0.0,0.0,0.0,0.0,0.0,0.0,0.0,0.0,0.0,0.0,0.0
IID_Wind_for_Other,IID,IID,2026,0.0,0.0,0.0,0.0,0.0,0.0,0.0,0.0,0.0,0.0,0.0,0.0,0.0,0.0,0.0,0.0,0.0,0.0,0.0,0.0,0.0
IID_Wind_for_Other,IID,IID,2030,0.0,0.0,0.0,0.0,0.0,0.0,0.0,0.0,0.0,0.0,0.0,0.0,0.0,0.0,0.0,0.0,0.0,0.0,0.0,0.0,0.0
Idaho_Wind,CAISO,CAISO,2020,0.0,0.0,0.0,0.0,0.0,0.0,0.0,0.0,0.0,0.0,0.0,0.0,0.0,0.0,0.0,0.0,0.0,0.0,0.0,0.0,0.0
Idaho_Wind,CAISO,CAISO,2022,0.0,0.0,0.0,0.0,0.0,0.0,0.0,0.0,0.0,0.0,0.0,0.0,0.0,0.0,0.0,0.0,0.0,0.0,0.0,0.0,0.0
Idaho_Wind,CAISO,CAISO,2026,0.0,0.0,0.0,0.0,0.0,0.0,0.0,0.0,0.0,0.0,0.0,0.0,0.0,0.0,0.0,0.0,0.0,0.0,0.0,0.0,0.0
Idaho_Wind,CAISO,CAISO,2030,0.0,0.0,0.0,0.0,0.0,0.0,0.0,0.0,0.0,0.0,0.0,0.0,0.0,0.0,0.0,0.0,0.0,0.0,0.0,0.0,0.0
InState_Biomass,CAISO,CAISO,2020,0.0,0.0,0.0,0.0,0.0,0.0,0.0,0.0,0.0,0.0,0.0,0.0,0.0,0.0,0.0,0.0,0.0,0.0,0.0,0.0,0.0
InState_Biomass,CAISO,CAISO,2022,0.0,0.0,0.0,0.0,0.0,0.0,0.0,0.0,0.0,0.0,0.0,0.0,0.0,0.0,0.0,0.0,0.0,0.0,0.0,0.0,0.0
InState_Biomass,CAISO,CAISO,2026,0.0,0.0,0.0,0.0,0.0,0.0,0.0,0.0,0.0,0.0,0.0,0.0,0.0,0.0,0.0,0.0,0.0,0.0,0.0,0.0,0.0
InState_Biomass,CAISO,CAISO,2030,0.0,0.0,0.0,0.0,0.0,0.0,0.0,0.0,0.0,0.0,0.0,0.0,0.0,0.0,0.0,0.0,0.0,0.0,0.0,0.0,0.0
Inyokern_North_Kramer_Geothermal,CAISO,CAISO,2020,0.0,0.0,0.0,0.0,0.0,0.0,0.0,0.0,0.0,0.0,0.0,0.0,0.0,0.0,0.0,0.0,0.0,0.0,0.0,0.0,0.0
Inyokern_North_Kramer_Geothermal,CAISO,CAISO,2022,0.0,0.0,0.0,0.0,0.0,0.0,0.0,0.0,0.0,0.0,0.0,0.0,0.0,0.0,0.0,0.0,0.0,0.0,0.0,0.0,0.0
Inyokern_North_Kramer_Geothermal,CAISO,CAISO,2026,0.0,0.0,0.0,0.0,0.0,0.0,0.0,0.0,0.0,0.0,0.0,0.0,0.0,0.0,0.0,0.0,0.0,0.0,0.0,0.0,0.0
Inyokern_North_Kramer_Geothermal,CAISO,CAISO,2030,0.0,0.0,0.0,0.0,0.0,0.0,0.0,0.0,0.0,0.0,0.0,0.0,0.0,0.0,0.0,0.0,0.0,0.0,0.0,0.0,0.0
Inyokern_North_Kramer_Solar,CAISO,CAISO,2020,0.0,0.0,0.0,0.0,0.0,0.0,0.0,0.0,0.0,0.0,0.0,0.0,0.0,0.0,0.0,0.0,0.0,0.0,0.0,0.0,0.0
Inyokern_North_Kramer_Solar,CAISO,CAISO,2022,0.0,0.0,0.0,0.0,0.0,806627.6406085531,15259107.263645494,0.0,0.0,0.0,0.0,0.0,0.0,0.0,0.0,0.0,0.0,0.0,0.0,27112.842939834572,23754.25283382214
Inyokern_North_Kramer_Solar,CAISO,CAISO,2026,0.0,0.0,0.0,0.0,0.0,820289.0943284481,17894871.555585228,0.0,0.0,0.0,0.0,0.0,0.0,0.0,0.0,0.0,0.0,0.0,0.0,23472.55676308408,20420.83149693229
Inyokern_North_Kramer_Solar,CAISO,CAISO,2030,0.0,0.0,0.0,0.0,0.0,760021.1293878331,25014871.107831478,0.0,0.0,0.0,0.0,0.0,0.0,0.0,0.0,0.0,0.0,0.0,0.0,29641.40402745759,128273.30197104471
Kern_Greater_Carrizo_Solar,CAISO,CAISO,2020,0.0,0.0,0.0,0.0,0.0,0.0,0.0,0.0,0.0,0.0,0.0,0.0,0.0,0.0,0.0,0.0,0.0,0.0,0.0,0.0,0.0
Kern_Greater_Carrizo_Solar,CAISO,CAISO,2022,0.0,0.0,0.0,0.0,0.0,0.0,0.0,0.0,0.0,0.0,0.0,0.0,0.0,0.0,0.0,0.0,0.0,0.0,0.0,0.0,0.0
Kern_Greater_Carrizo_Solar,CAISO,CAISO,2026,0.0,0.0,0.0,0.0,0.0,0.0,0.0,0.0,0.0,0.0,0.0,0.0,0.0,0.0,0.0,0.0,0.0,0.0,0.0,0.0,0.0
Kern_Greater_Carrizo_Solar,CAISO,CAISO,2030,0.0,0.0,0.0,0.0,0.0,0.0,0.0,0.0,0.0,0.0,0.0,0.0,0.0,0.0,0.0,0.0,0.0,0.0,0.0,0.0,0.0
Kern_Greater_Carrizo_Wind,CAISO,CAISO,2020,0.0,0.0,0.0,0.0,0.0,0.0,0.0,0.0,0.0,0.0,0.0,0.0,0.0,0.0,0.0,0.0,0.0,0.0,0.0,0.0,0.0
Kern_Greater_Carrizo_Wind,CAISO,CAISO,2022,0.0,0.0,0.0,0.0,0.0,162839.70976649967,5646679.471170444,0.0,0.0,0.0,0.0,0.0,0.0,0.0,0.0,0.0,0.0,0.0,0.0,2093.158696134005,2294.587309291961
Kern_Greater_Carrizo_Wind,CAISO,CAISO,2026,0.0,0.0,0.0,0.0,0.0,162513.66522063434,6138600.062496344,0.0,0.0,0.0,0.0,0.0,0.0,0.0,0.0,0.0,0.0,0.0,0.0,2257.298490600825,1158.9783225249414
Kern_Greater_Carrizo_Wind,CAISO,CAISO,2030,0.0,0.0,0.0,0.0,0.0,162593.99112837153,9983690.447135486,0.0,0.0,0.0,0.0,0.0,0.0,0.0,0.0,0.0,0.0,0.0,0.0,3459.800196295293,13761.037202633168
Kramer_Inyokern_Ex_Solar,CAISO,CAISO,2020,0.0,0.0,0.0,0.0,0.0,0.0,0.0,0.0,0.0,0.0,0.0,0.0,0.0,0.0,0.0,0.0,0.0,0.0,0.0,0.0,0.0
Kramer_Inyokern_Ex_Solar,CAISO,CAISO,2022,0.0,0.0,0.0,0.0,0.0,2369241.1635036827,44205108.31094664,0.0,0.0,0.0,0.0,0.0,0.0,0.0,0.0,0.0,0.0,0.0,0.0,80334.38776691322,68813.14863302126
Kramer_Inyokern_Ex_Solar,CAISO,CAISO,2026,0.0,0.0,0.0,0.0,0.0,2391577.283771158,51840828.15775943,0.0,0.0,0.0,0.0,0.0,0.0,0.0,0.0,0.0,0.0,0.0,0.0,67880.21800117988,59158.47990228073
Kramer_Inyokern_Ex_Solar,CAISO,CAISO,2030,0.0,0.0,0.0,0.0,0.0,2374930.419623059,72467165.29880008,0.0,0.0,0.0,0.0,0.0,0.0,0.0,0.0,0.0,0.0,0.0,0.0,108617.96702878035,500923.30603172956
Kramer_Inyokern_Ex_Wind,CAISO,CAISO,2020,0.0,0.0,0.0,0.0,0.0,0.0,0.0,0.0,0.0,0.0,0.0,0.0,0.0,0.0,0.0,0.0,0.0,0.0,0.0,0.0,0.0
Kramer_Inyokern_Ex_Wind,CAISO,CAISO,2022,0.0,0.0,0.0,0.0,0.0,0.0,0.0,0.0,0.0,0.0,0.0,0.0,0.0,0.0,0.0,0.0,0.0,0.0,0.0,0.0,0.0
Kramer_Inyokern_Ex_Wind,CAISO,CAISO,2026,0.0,0.0,0.0,0.0,0.0,0.0,0.0,0.0,0.0,0.0,0.0,0.0,0.0,0.0,0.0,0.0,0.0,0.0,0.0,0.0,0.0
Kramer_Inyokern_Ex_Wind,CAISO,CAISO,2030,0.0,0.0,0.0,0.0,0.0,0.0,0.0,0.0,0.0,0.0,0.0,0.0,0.0,0.0,0.0,0.0,0.0,0.0,0.0,0.0,0.0
LDWP_Biomass_for_Other,LDWP,LDWP,2020,0.0,0.0,0.0,0.0,0.0,0.0,0.0,0.0,0.0,0.0,0.0,0.0,0.0,0.0,0.0,0.0,0.0,0.0,0.0,0.0,0.0
LDWP_Biomass_for_Other,LDWP,LDWP,2022,0.0,0.0,0.0,0.0,0.0,0.0,0.0,0.0,0.0,0.0,0.0,0.0,0.0,0.0,0.0,0.0,0.0,0.0,0.0,0.0,0.0
LDWP_Biomass_for_Other,LDWP,LDWP,2026,0.0,0.0,0.0,0.0,0.0,0.0,0.0,0.0,0.0,0.0,0.0,0.0,0.0,0.0,0.0,0.0,0.0,0.0,0.0,0.0,0.0
LDWP_Biomass_for_Other,LDWP,LDWP,2030,0.0,0.0,0.0,0.0,0.0,0.0,0.0,0.0,0.0,0.0,0.0,0.0,0.0,0.0,0.0,0.0,0.0,0.0,0.0,0.0,0.0
LDWP_CCGT,LDWP,LDWP,2020,2002799.8397374332,265034810.99954894,0.0,0.0,0.0,7323428.8864180185,270990628.08434796,0.0,0.0,0.0,0.0,0.0,0.0,0.0,0.0,0.0,0.0,0.0,0.0,0.0,0.0
LDWP_CCGT,LDWP,LDWP,2022,2407256.4301694534,330369973.41371435,0.0,0.0,0.0,8802354.955615332,337624306.88496023,0.0,0.0,0.0,0.0,0.0,0.0,0.0,0.0,0.0,0.0,0.0,0.0,0.0,0.0
LDWP_CCGT,LDWP,LDWP,2026,2847529.6368979346,413322212.5452836,0.0,0.0,0.0,10412228.802057527,418249608.8987466,0.0,0.0,0.0,0.0,0.0,0.0,0.0,0.0,0.0,0.0,0.0,0.0,0.0,0.0
LDWP_CCGT,LDWP,LDWP,2030,2828063.2744626133,431001259.5658653,0.0,0.0,0.0,10341052.45029762,437301490.3673972,0.0,0.0,0.0,0.0,0.0,0.0,0.0,0.0,0.0,0.0,0.0,0.0,0.0,0.0
LDWP_Coal,LDWP,LDWP,2020,12089091.804237025,169954106.85631734,0.0,0.0,0.0,4865346.270675675,185429511.98225597,0.0,0.0,0.0,0.0,0.0,0.0,0.0,0.0,0.0,0.0,0.0,0.0,0.0,0.0
LDWP_Coal,LDWP,LDWP,2022,6713417.988946509,98559115.87992254,0.0,0.0,0.0,2701867.395302204,108499645.86969702,0.0,0.0,0.0,0.0,0.0,0.0,0.0,0.0,0.0,0.0,0.0,0.0,0.0,0.0
LDWP_Coal,LDWP,LDWP,2026,0.0,0.0,0.0,0.0,0.0,0.0,0.0,0.0,0.0,0.0,0.0,0.0,0.0,0.0,0.0,0.0,0.0,0.0,0.0,0.0,0.0
LDWP_Coal,LDWP,LDWP,2030,0.0,0.0,0.0,0.0,0.0,0.0,0.0,0.0,0.0,0.0,0.0,0.0,0.0,0.0,0.0,0.0,0.0,0.0,0.0,0.0,0.0
LDWP_Geothermal_for_Other,LDWP,LDWP,2020,1406067.5999999926,0.0,0.0,0.0,0.0,1289997.600000004,46817189.31765846,0.0,0.0,0.0,0.0,0.0,0.0,0.0,0.0,0.0,0.0,0.0,0.0,0.0,0.0
LDWP_Geothermal_for_Other,LDWP,LDWP,2022,1634966.4000000043,0.0,0.0,0.0,0.0,1499974.8000000084,54148058.755833715,0.0,0.0,0.0,0.0,0.0,0.0,0.0,0.0,0.0,0.0,0.0,0.0,0.0,0.0
LDWP_Geothermal_for_Other,LDWP,LDWP,2026,2452537.1999999965,0.0,0.0,0.0,0.0,2250006.000000001,85180375.4860078,0.0,0.0,0.0,0.0,0.0,0.0,0.0,0.0,0.0,0.0,0.0,0.0,0.0,0.0
LDWP_Geothermal_for_Other,LDWP,LDWP,2030,2507024.3999999873,0.0,0.0,0.0,0.0,2300025.6000000085,90306328.673753,0.0,0.0,0.0,0.0,0.0,0.0,0.0,0.0,0.0,0.0,0.0,0.0,0.0,0.0
LDWP_Hydro,LDWP,LDWP,2020,0.0,0.0,0.0,0.0,0.0,102925.0418110206,5003790.655972316,0.0,0.0,0.0,0.0,0.0,0.0,0.0,0.0,0.0,0.0,0.0,0.0,0.0,0.0
LDWP_Hydro,LDWP,LDWP,2022,0.0,0.0,0.0,0.0,0.0,102925.1081110439,4855032.956839226,0.0,0.0,0.0,0.0,0.0,0.0,0.0,0.0,0.0,0.0,0.0,0.0,0.0,0.0
LDWP_Hydro,LDWP,LDWP,2026,0.0,0.0,0.0,0.0,0.0,102925.08990819135,5033428.224319103,0.0,0.0,0.0,0.0,0.0,0.0,0.0,0.0,0.0,0.0,0.0,0.0,0.0,0.0
LDWP_Hydro,LDWP,LDWP,2030,0.0,0.0,0.0,0.0,0.0,102925.35970037483,4731927.782162882,0.0,0.0,0.0,0.0,0.0,0.0,0.0,0.0,0.0,0.0,0.0,0.0,0.0,0.0
LDWP_Nuclear,LDWP,LDWP,2020,5893851.102245918,24165708.395085037,0.0,0.0,0.0,3274182.952901987,118746840.74665244,0.0,0.0,0.0,0.0,0.0,0.0,0.0,0.0,0.0,0.0,0.0,0.0,0.0,0.0
LDWP_Nuclear,LDWP,LDWP,2022,5893851.102245918,24165708.395085037,0.0,0.0,0.0,3274182.952901987,118369392.52721362,0.0,0.0,0.0,0.0,0.0,0.0,0.0,0.0,0.0,0.0,0.0,0.0,0.0,0.0
LDWP_Nuclear,LDWP,LDWP,2026,5893851.102245918,24165708.395085037,0.0,0.0,0.0,3274182.952901987,124361397.34248693,0.0,0.0,0.0,0.0,0.0,0.0,0.0,0.0,0.0,0.0,0.0,0.0,0.0,0.0
LDWP_Nuclear,LDWP,LDWP,2030,5893851.102245918,24165708.395085037,0.0,0.0,0.0,3274182.952901987,128994206.24601072,0.0,0.0,0.0,0.0,0.0,0.0,0.0,0.0,0.0,0.0,0.0,0.0,0.0,0.0
LDWP_Peaker,LDWP,LDWP,2020,0.0,0.0,0.0,0.0,0.0,0.0,0.0,0.0,0.0,0.0,0.0,0.0,0.0,0.0,0.0,0.0,0.0,0.0,0.0,0.0,0.0
LDWP_Peaker,LDWP,LDWP,2022,0.0,0.0,0.0,0.0,0.0,0.0,0.0,0.0,0.0,0.0,0.0,0.0,0.0,0.0,0.0,0.0,0.0,0.0,0.0,0.0,0.0
LDWP_Peaker,LDWP,LDWP,2026,0.0,0.0,0.0,0.0,0.0,0.0,0.0,0.0,0.0,0.0,0.0,0.0,0.0,0.0,0.0,0.0,0.0,0.0,0.0,0.0,0.0
LDWP_Peaker,LDWP,LDWP,2030,0.0,0.0,0.0,0.0,0.0,0.0,0.0,0.0,0.0,0.0,0.0,0.0,0.0,0.0,0.0,0.0,0.0,0.0,0.0,0.0,0.0
LDWP_ST,LDWP,LDWP,2020,0.0,0.0,0.0,0.0,0.0,0.0,0.0,0.0,0.0,0.0,0.0,0.0,0.0,0.0,0.0,0.0,0.0,0.0,0.0,0.0,0.0
LDWP_ST,LDWP,LDWP,2022,0.0,0.0,0.0,0.0,0.0,0.0,0.0,0.0,0.0,0.0,0.0,0.0,0.0,0.0,0.0,0.0,0.0,0.0,0.0,0.0,0.0
LDWP_ST,LDWP,LDWP,2026,0.0,0.0,0.0,0.0,0.0,0.0,0.0,0.0,0.0,0.0,0.0,0.0,0.0,0.0,0.0,0.0,0.0,0.0,0.0,0.0,0.0
LDWP_ST,LDWP,LDWP,2030,0.0,0.0,0.0,0.0,0.0,0.0,0.0,0.0,0.0,0.0,0.0,0.0,0.0,0.0,0.0,0.0,0.0,0.0,0.0,0.0,0.0
LDWP_Small_Hydro_for_Other,LDWP,LDWP,2020,0.0,0.0,0.0,0.0,0.0,0.0,0.0,0.0,0.0,0.0,0.0,0.0,0.0,0.0,0.0,0.0,0.0,0.0,0.0,0.0,0.0
LDWP_Small_Hydro_for_Other,LDWP,LDWP,2022,0.0,0.0,0.0,0.0,0.0,0.0,0.0,0.0,0.0,0.0,0.0,0.0,0.0,0.0,0.0,0.0,0.0,0.0,0.0,0.0,0.0
LDWP_Small_Hydro_for_Other,LDWP,LDWP,2026,0.0,0.0,0.0,0.0,0.0,0.0,0.0,0.0,0.0,0.0,0.0,0.0,0.0,0.0,0.0,0.0,0.0,0.0,0.0,0.0,0.0
LDWP_Small_Hydro_for_Other,LDWP,LDWP,2030,0.0,0.0,0.0,0.0,0.0,0.0,0.0,0.0,0.0,0.0,0.0,0.0,0.0,0.0,0.0,0.0,0.0,0.0,0.0,0.0,0.0
LDWP_Solar_for_Other,LDWP,LDWP,2020,0.0,0.0,0.0,0.0,0.0,2761903.1398360613,92238331.99520378,0.0,0.0,0.0,0.0,0.0,0.0,0.0,0.0,0.0,0.0,0.0,0.0,0.0,0.0
LDWP_Solar_for_Other,LDWP,LDWP,2022,0.0,0.0,0.0,0.0,0.0,3163628.763766921,99359787.17885305,0.0,0.0,0.0,0.0,0.0,0.0,0.0,0.0,0.0,0.0,0.0,0.0,0.0,0.0
LDWP_Solar_for_Other,LDWP,LDWP,2026,0.0,0.0,0.0,0.0,0.0,3257155.7799979257,105658614.85649456,0.0,0.0,0.0,0.0,0.0,0.0,0.0,0.0,0.0,0.0,0.0,0.0,0.0,0.0
LDWP_Solar_for_Other,LDWP,LDWP,2030,0.0,0.0,0.0,0.0,0.0,3638242.1406533066,120964364.72517747,0.0,0.0,0.0,0.0,0.0,0.0,0.0,0.0,0.0,0.0,0.0,0.0,0.0,0.0
LDWP_Wind_for_CAISO,LDWP,CAISO,2020,0.0,0.0,0.0,0.0,0.0,13199.194695043863,477021.19520810724,0.0,0.0,0.0,0.0,0.0,0.0,0.0,0.0,0.0,0.0,0.0,0.0,0.0,0.0
LDWP_Wind_for_CAISO,LDWP,CAISO,2022,0.0,0.0,0.0,0.0,0.0,13199.194695043863,470606.92685647943,0.0,0.0,0.0,0.0,0.0,0.0,0.0,0.0,0.0,0.0,0.0,0.0,0.0,0.0
LDWP_Wind_for_CAISO,LDWP,CAISO,2026,0.0,0.0,0.0,0.0,0.0,13199.194695043863,492758.518892203,0.0,0.0,0.0,0.0,0.0,0.0,0.0,0.0,0.0,0.0,0.0,0.0,0.0,0.0
LDWP_Wind_for_CAISO,LDWP,CAISO,2030,0.0,0.0,0.0,0.0,0.0,13199.194695043863,509269.40653111035,0.0,0.0,0.0,0.0,0.0,0.0,0.0,0.0,0.0,0.0,0.0,0.0,0.0,0.0
LDWP_Wind_for_Other,LDWP,LDWP,2020,0.0,0.0,0.0,0.0,0.0,0.0,0.0,0.0,0.0,0.0,0.0,0.0,0.0,0.0,0.0,0.0,0.0,0.0,0.0,0.0,0.0
LDWP_Wind_for_Other,LDWP,LDWP,2022,0.0,0.0,0.0,0.0,0.0,65625.20406480828,2339789.094389477,0.0,0.0,0.0,0.0,0.0,0.0,0.0,0.0,0.0,0.0,0.0,0.0,0.0,0.0
LDWP_Wind_for_Other,LDWP,LDWP,2026,0.0,0.0,0.0,0.0,0.0,650195.93331355,24272440.917398628,0.0,0.0,0.0,0.0,0.0,0.0,0.0,0.0,0.0,0.0,0.0,0.0,0.0,0.0
LDWP_Wind_for_Other,LDWP,LDWP,2030,0.0,0.0,0.0,0.0,0.0,1094592.3974253817,42231991.530492276,0.0,0.0,0.0,0.0,0.0,0.0,0.0,0.0,0.0,0.0,0.0,0.0,0.0,0.0
Morro_Bay_Offshore_Wind,CAISO,CAISO,2020,0.0,0.0,0.0,0.0,0.0,0.0,0.0,0.0,0.0,0.0,0.0,0.0,0.0,0.0,0.0,0.0,0.0,0.0,0.0,0.0,0.0
Morro_Bay_Offshore_Wind,CAISO,CAISO,2022,0.0,0.0,0.0,0.0,0.0,0.0,0.0,0.0,0.0,0.0,0.0,0.0,0.0,0.0,0.0,0.0,0.0,0.0,0.0,0.0,0.0
Morro_Bay_Offshore_Wind,CAISO,CAISO,2026,0.0,0.0,0.0,0.0,0.0,0.0,0.0,0.0,0.0,0.0,0.0,0.0,0.0,0.0,0.0,0.0,0.0,0.0,0.0,0.0,0.0
Morro_Bay_Offshore_Wind,CAISO,CAISO,2030,0.0,0.0,0.0,0.0,0.0,0.0,0.0,0.0,0.0,0.0,0.0,0.0,0.0,0.0,0.0,0.0,0.0,0.0,0.0,0.0,0.0
NW_Biomass_for_CAISO,NW,CAISO,2020,534184.8000000023,0.0,0.0,0.0,0.0,344618.40000000084,9192014.737189336,0.0,0.0,0.0,0.0,0.0,0.0,0.0,0.0,0.0,0.0,0.0,0.0,0.0,0.0
NW_Biomass_for_CAISO,NW,CAISO,2022,534184.8000000023,0.0,0.0,0.0,0.0,344618.40000000084,9727961.394600742,0.0,0.0,0.0,0.0,0.0,0.0,0.0,0.0,0.0,0.0,0.0,0.0,0.0,0.0
NW_Biomass_for_CAISO,NW,CAISO,2026,534184.8000000023,0.0,0.0,0.0,0.0,344618.40000000084,10168114.377956832,0.0,0.0,0.0,0.0,0.0,0.0,0.0,0.0,0.0,0.0,0.0,0.0,0.0,0.0
NW_Biomass_for_CAISO,NW,CAISO,2030,534184.8000000023,0.0,0.0,0.0,0.0,344618.40000000084,10744778.70736095,0.0,0.0,0.0,0.0,0.0,0.0,0.0,0.0,0.0,0.0,0.0,0.0,0.0,0.0
NW_Biomass_for_Other,NW,NW,2020,8142857.999999985,0.0,0.0,0.0,0.0,5253459.600000013,140125652.21250114,0.0,0.0,0.0,0.0,0.0,0.0,0.0,0.0,0.0,0.0,0.0,0.0,0.0,0.0
NW_Biomass_for_Other,NW,NW,2022,8142857.999999985,0.0,0.0,0.0,0.0,5253459.600000013,148295773.4610071,0.0,0.0,0.0,0.0,0.0,0.0,0.0,0.0,0.0,0.0,0.0,0.0,0.0,0.0
NW_Biomass_for_Other,NW,NW,2026,7622338.800000026,0.0,0.0,0.0,0.0,4917688.800000027,145098526.93181002,0.0,0.0,0.0,0.0,0.0,0.0,0.0,0.0,0.0,0.0,0.0,0.0,0.0,0.0
NW_Biomass_for_Other,NW,NW,2030,7532636.399999991,0.0,0.0,0.0,0.0,4859785.200000037,151522137.35339656,0.0,0.0,0.0,0.0,0.0,0.0,0.0,0.0,0.0,0.0,0.0,0.0,0.0,0.0
NW_CCGT,NW,NW,2020,2143212.96866718,279293951.2826306,0.0,0.0,0.0,8560813.139014097,281453632.92797786,0.0,0.0,0.0,0.0,0.0,0.0,0.0,0.0,0.0,0.0,0.0,0.0,0.0,0.0
NW_CCGT,NW,NW,2022,3645220.6536460146,473534487.6077885,0.0,0.0,0.0,14560415.547587655,477145023.49519104,0.0,0.0,0.0,0.0,0.0,0.0,0.0,0.0,0.0,0.0,0.0,0.0,0.0,0.0
NW_CCGT,NW,NW,2026,5088580.210621399,665070384.4461175,0.0,0.0,0.0,20325722.7175498,676748342.0070924,0.0,0.0,0.0,0.0,0.0,0.0,0.0,0.0,0.0,0.0,0.0,0.0,0.0,0.0
NW_CCGT,NW,NW,2030,6424715.699438403,846072682.5605565,0.0,0.0,0.0,25662762.322975334,966760537.7165185,0.0,0.0,0.0,0.0,0.0,0.0,0.0,0.0,0.0,0.0,0.0,0.0,0.0,0.0
NW_Coal,NW,NW,2020,180088055.28854504,1550883163.270553,0.0,0.0,0.0,72477807.44427645,2056568816.105203,0.0,0.0,0.0,0.0,0.0,0.0,0.0,0.0,0.0,0.0,0.0,0.0,0.0,0.0
NW_Coal,NW,NW,2022,150699690.5348765,1297993997.9452045,0.0,0.0,0.0,60650238.81345924,1840615513.6521919,0.0,0.0,0.0,0.0,0.0,0.0,0.0,0.0,0.0,0.0,0.0,0.0,0.0,0.0
NW_Coal,NW,NW,2026,140646776.6353342,1211407537.9028528,0.0,0.0,0.0,56604353.882214196,1779177223.4740822,0.0,0.0,0.0,0.0,0.0,0.0,0.0,0.0,0.0,0.0,0.0,0.0,0.0,0.0
NW_Coal,NW,NW,2030,128769206.45435403,1108653810.6238935,0.0,0.0,0.0,51824142.95676717,1740110581.2038858,0.0,0.0,0.0,0.0,0.0,0.0,0.0,0.0,0.0,0.0,0.0,0.0,0.0,0.0
NW_Ext_Tx_Wind,CAISO,CAISO,2020,0.0,0.0,0.0,0.0,0.0,0.0,0.0,0.0,0.0,0.0,0.0,0.0,0.0,0.0,0.0,0.0,0.0,0.0,0.0,0.0,0.0
NW_Ext_Tx_Wind,CAISO,CAISO,2022,0.0,0.0,0.0,0.0,0.0,0.0,0.0,0.0,0.0,0.0,0.0,0.0,0.0,0.0,0.0,0.0,0.0,0.0,0.0,0.0,0.0
NW_Ext_Tx_Wind,CAISO,CAISO,2026,0.0,0.0,0.0,0.0,0.0,0.0,0.0,0.0,0.0,0.0,0.0,0.0,0.0,0.0,0.0,0.0,0.0,0.0,0.0,0.0,0.0
NW_Ext_Tx_Wind,CAISO,CAISO,2030,0.0,0.0,0.0,0.0,0.0,0.0,0.0,0.0,0.0,0.0,0.0,0.0,0.0,0.0,0.0,0.0,0.0,0.0,0.0,0.0,0.0
NW_Geothermal_for_CAISO,NW,CAISO,2020,0.0,0.0,0.0,0.0,0.0,0.0,0.0,0.0,0.0,0.0,0.0,0.0,0.0,0.0,0.0,0.0,0.0,0.0,0.0,0.0,0.0
NW_Geothermal_for_CAISO,NW,CAISO,2022,0.0,0.0,0.0,0.0,0.0,0.0,0.0,0.0,0.0,0.0,0.0,0.0,0.0,0.0,0.0,0.0,0.0,0.0,0.0,0.0,0.0
NW_Geothermal_for_CAISO,NW,CAISO,2026,0.0,0.0,0.0,0.0,0.0,0.0,0.0,0.0,0.0,0.0,0.0,0.0,0.0,0.0,0.0,0.0,0.0,0.0,0.0,0.0,0.0
NW_Geothermal_for_CAISO,NW,CAISO,2030,0.0,0.0,0.0,0.0,0.0,0.0,0.0,0.0,0.0,0.0,0.0,0.0,0.0,0.0,0.0,0.0,0.0,0.0,0.0,0.0,0.0
NW_Geothermal_for_Other,NW,NW,2020,991544.3999999976,0.0,0.0,0.0,0.0,909726.0000000051,24265143.12295656,0.0,0.0,0.0,0.0,0.0,0.0,0.0,0.0,0.0,0.0,0.0,0.0,0.0,0.0
NW_Geothermal_for_Other,NW,NW,2022,991544.3999999976,0.0,0.0,0.0,0.0,909726.0000000051,25679938.760276835,0.0,0.0,0.0,0.0,0.0,0.0,0.0,0.0,0.0,0.0,0.0,0.0,0.0,0.0
NW_Geothermal_for_Other,NW,NW,2026,991544.3999999976,0.0,0.0,0.0,0.0,909726.0000000051,26841857.604240492,0.0,0.0,0.0,0.0,0.0,0.0,0.0,0.0,0.0,0.0,0.0,0.0,0.0,0.0
NW_Geothermal_for_Other,NW,NW,2030,991544.3999999976,0.0,0.0,0.0,0.0,909726.0000000051,28364140.029472195,0.0,0.0,0.0,0.0,0.0,0.0,0.0,0.0,0.0,0.0,0.0,0.0,0.0,0.0
NW_Hydro,NW,NW,2020,0.0,0.0,0.0,0.0,0.0,131358625.82357481,3427745254.6319547,0.0,0.0,0.0,0.0,0.0,0.0,0.0,0.0,0.0,0.0,0.0,0.0,0.0,0.0
NW_Hydro,NW,NW,2022,0.0,0.0,0.0,0.0,0.0,131358625.60589452,3618733534.2255907,0.0,0.0,0.0,0.0,0.0,0.0,0.0,0.0,0.0,0.0,0.0,0.0,0.0,0.0
NW_Hydro,NW,NW,2026,0.0,0.0,0.0,0.0,0.0,131358626.04373774,3798187238.1476445,0.0,0.0,0.0,0.0,0.0,0.0,0.0,0.0,0.0,0.0,0.0,0.0,0.0,0.0
NW_Hydro,NW,NW,2030,0.0,0.0,0.0,0.0,0.0,130595254.88600865,3947281083.284042,0.0,0.0,0.0,0.0,0.0,0.0,0.0,0.0,0.0,0.0,0.0,0.0,0.0,0.0
NW_Hydro_for_CAISO,CAISO_NW_Hydro,CAISO_NW_Hydro,2020,0.0,0.0,0.0,0.0,0.0,11900493.381900908,368082298.74547577,0.0,0.0,0.0,0.0,0.0,0.0,0.0,0.0,0.0,0.0,0.0,0.0,0.0,0.0
NW_Hydro_for_CAISO,CAISO_NW_Hydro,CAISO_NW_Hydro,2022,0.0,0.0,0.0,0.0,0.0,11900493.663658189,383347675.86148727,0.0,0.0,0.0,0.0,0.0,0.0,0.0,0.0,0.0,0.0,0.0,0.0,0.0,0.0
NW_Hydro_for_CAISO,CAISO_NW_Hydro,CAISO_NW_Hydro,2026,0.0,0.0,0.0,0.0,0.0,11900493.166872527,411679578.84166193,0.0,0.0,0.0,0.0,0.0,0.0,0.0,0.0,0.0,0.0,0.0,0.0,0.0,0.0
NW_Hydro_for_CAISO,CAISO_NW_Hydro,CAISO_NW_Hydro,2030,0.0,0.0,0.0,0.0,0.0,11900493.804445688,746940386.0938125,0.0,0.0,0.0,0.0,0.0,0.0,0.0,0.0,0.0,0.0,0.0,0.0,0.0,0.0
NW_Nuclear,NW,NW,2020,25392127.623342153,107697672.43849213,0.0,0.0,0.0,14105970.214251252,384189287.23422706,0.0,0.0,0.0,0.0,0.0,0.0,0.0,0.0,0.0,0.0,0.0,0.0,0.0,0.0
NW_Nuclear,NW,NW,2022,25392127.623342153,107697672.43849213,0.0,0.0,0.0,14105970.214251252,408937476.615641,0.0,0.0,0.0,0.0,0.0,0.0,0.0,0.0,0.0,0.0,0.0,0.0,0.0,0.0
NW_Nuclear,NW,NW,2026,25392127.623342153,107697672.43849213,0.0,0.0,0.0,14105970.214251252,426003495.7541682,0.0,0.0,0.0,0.0,0.0,0.0,0.0,0.0,0.0,0.0,0.0,0.0,0.0,0.0
NW_Nuclear,NW,NW,2030,25392127.623342153,107697672.43849213,0.0,0.0,0.0,14105970.214251252,452800807.4409662,0.0,0.0,0.0,0.0,0.0,0.0,0.0,0.0,0.0,0.0,0.0,0.0,0.0,0.0
NW_Peaker,NW,NW,2020,0.0,0.0,0.0,0.0,0.0,0.0,0.0,0.0,0.0,0.0,0.0,0.0,0.0,0.0,0.0,0.0,0.0,0.0,0.0,0.0,0.0
NW_Peaker,NW,NW,2022,0.0,0.0,0.0,0.0,0.0,0.0,0.0,0.0,0.0,0.0,0.0,0.0,0.0,0.0,0.0,0.0,0.0,0.0,0.0,0.0,0.0
NW_Peaker,NW,NW,2026,0.0,0.0,0.0,0.0,0.0,0.0,0.0,0.0,0.0,0.0,0.0,0.0,0.0,0.0,0.0,0.0,0.0,0.0,0.0,0.0,0.0
NW_Peaker,NW,NW,2030,0.0,0.0,0.0,0.0,0.0,0.0,0.0,0.0,0.0,0.0,0.0,0.0,0.0,0.0,0.0,0.0,0.0,0.0,0.0,0.0,0.0
NW_Small_Hydro_for_CAISO,NW,CAISO,2020,0.0,0.0,0.0,0.0,0.0,30221.99999999998,806112.1210804072,0.0,0.0,0.0,0.0,0.0,0.0,0.0,0.0,0.0,0.0,0.0,0.0,0.0,0.0
NW_Small_Hydro_for_CAISO,NW,CAISO,2022,0.0,0.0,0.0,0.0,0.0,30221.99999999998,853113.0353678906,0.0,0.0,0.0,0.0,0.0,0.0,0.0,0.0,0.0,0.0,0.0,0.0,0.0,0.0
NW_Small_Hydro_for_CAISO,NW,CAISO,2026,0.0,0.0,0.0,0.0,0.0,30221.99999999998,891713.131773037,0.0,0.0,0.0,0.0,0.0,0.0,0.0,0.0,0.0,0.0,0.0,0.0,0.0,0.0
NW_Small_Hydro_for_CAISO,NW,CAISO,2030,0.0,0.0,0.0,0.0,0.0,30221.99999999998,942284.8637619561,0.0,0.0,0.0,0.0,0.0,0.0,0.0,0.0,0.0,0.0,0.0,0.0,0.0,0.0
NW_Small_Hydro_for_Other,NW,NW,2020,0.0,0.0,0.0,0.0,0.0,0.0,0.0,0.0,0.0,0.0,0.0,0.0,0.0,0.0,0.0,0.0,0.0,0.0,0.0,0.0,0.0
NW_Small_Hydro_for_Other,NW,NW,2022,0.0,0.0,0.0,0.0,0.0,0.0,0.0,0.0,0.0,0.0,0.0,0.0,0.0,0.0,0.0,0.0,0.0,0.0,0.0,0.0,0.0
NW_Small_Hydro_for_Other,NW,NW,2026,0.0,0.0,0.0,0.0,0.0,0.0,0.0,0.0,0.0,0.0,0.0,0.0,0.0,0.0,0.0,0.0,0.0,0.0,0.0,0.0,0.0
NW_Small_Hydro_for_Other,NW,NW,2030,0.0,0.0,0.0,0.0,0.0,0.0,0.0,0.0,0.0,0.0,0.0,0.0,0.0,0.0,0.0,0.0,0.0,0.0,0.0,0.0,0.0
NW_Solar_for_Other,NW,NW,2020,0.0,0.0,0.0,0.0,0.0,1166775.1853341938,29060554.113144558,0.0,0.0,0.0,0.0,0.0,0.0,0.0,0.0,0.0,0.0,0.0,0.0,0.0,0.0
NW_Solar_for_Other,NW,NW,2022,0.0,0.0,0.0,0.0,0.0,1166775.1853341938,30185053.84313203,0.0,0.0,0.0,0.0,0.0,0.0,0.0,0.0,0.0,0.0,0.0,0.0,0.0,0.0
NW_Solar_for_Other,NW,NW,2026,0.0,0.0,0.0,0.0,0.0,1166775.1853341938,31404181.773689825,0.0,0.0,0.0,0.0,0.0,0.0,0.0,0.0,0.0,0.0,0.0,0.0,0.0,0.0
NW_Solar_for_Other,NW,NW,2030,0.0,0.0,0.0,0.0,0.0,1164808.5477313532,32540463.628627002,0.0,0.0,0.0,0.0,0.0,0.0,0.0,0.0,0.0,0.0,0.0,0.0,0.0,0.0
NW_Wind_for_CAISO,NW,CAISO,2020,0.0,0.0,0.0,0.0,0.0,3304311.9103793595,76705941.9227549,0.0,0.0,0.0,0.0,0.0,0.0,0.0,0.0,0.0,0.0,0.0,0.0,0.0,0.0
NW_Wind_for_CAISO,NW,CAISO,2022,0.0,0.0,0.0,0.0,0.0,3120336.908091422,83417855.39600003,0.0,0.0,0.0,0.0,0.0,0.0,0.0,0.0,0.0,0.0,0.0,0.0,0.0,0.0
NW_Wind_for_CAISO,NW,CAISO,2026,0.0,0.0,0.0,0.0,0.0,3304284.837989937,89974779.98667419,0.0,0.0,0.0,0.0,0.0,0.0,0.0,0.0,0.0,0.0,0.0,0.0,0.0,0.0
NW_Wind_for_CAISO,NW,CAISO,2030,0.0,0.0,0.0,0.0,0.0,3300257.6010091756,92111812.95165399,0.0,0.0,0.0,0.0,0.0,0.0,0.0,0.0,0.0,0.0,0.0,0.0,0.0,0.0
NW_Wind_for_Other,NW,NW,2020,0.0,0.0,0.0,0.0,0.0,21895882.40740947,512625501.5533265,0.0,0.0,0.0,0.0,0.0,0.0,0.0,0.0,0.0,0.0,0.0,0.0,0.0,0.0
NW_Wind_for_Other,NW,NW,2022,0.0,0.0,0.0,0.0,0.0,21895882.40740947,555548346.1319597,0.0,0.0,0.0,0.0,0.0,0.0,0.0,0.0,0.0,0.0,0.0,0.0,0.0,0.0
NW_Wind_for_Other,NW,NW,2026,0.0,0.0,0.0,0.0,0.0,21895882.40740947,597632890.4197356,0.0,0.0,0.0,0.0,0.0,0.0,0.0,0.0,0.0,0.0,0.0,0.0,0.0,0.0
NW_Wind_for_Other,NW,NW,2030,0.0,0.0,0.0,0.0,0.0,23037116.96258789,646004550.833729,0.0,0.0,0.0,0.0,0.0,0.0,0.0,0.0,0.0,0.0,0.0,0.0,0.0,0.0
New_Mexico_Solar,CAISO,CAISO,2020,0.0,0.0,0.0,0.0,0.0,0.0,0.0,0.0,0.0,0.0,0.0,0.0,0.0,0.0,0.0,0.0,0.0,0.0,0.0,0.0,0.0
New_Mexico_Solar,CAISO,CAISO,2022,0.0,0.0,0.0,0.0,0.0,0.0,0.0,0.0,0.0,0.0,0.0,0.0,0.0,0.0,0.0,0.0,0.0,0.0,0.0,0.0,0.0
New_Mexico_Solar,CAISO,CAISO,2026,0.0,0.0,0.0,0.0,0.0,0.0,0.0,0.0,0.0,0.0,0.0,0.0,0.0,0.0,0.0,0.0,0.0,0.0,0.0,0.0,0.0
New_Mexico_Solar,CAISO,CAISO,2030,0.0,0.0,0.0,0.0,0.0,0.0,0.0,0.0,0.0,0.0,0.0,0.0,0.0,0.0,0.0,0.0,0.0,0.0,0.0,0.0,0.0
New_Mexico_Wind,CAISO,CAISO,2020,0.0,0.0,0.0,0.0,0.0,0.0,0.0,0.0,0.0,0.0,0.0,0.0,0.0,0.0,0.0,0.0,0.0,0.0,0.0,0.0,0.0
New_Mexico_Wind,CAISO,CAISO,2022,0.0,0.0,0.0,0.0,0.0,0.0,0.0,0.0,0.0,0.0,0.0,0.0,0.0,0.0,0.0,0.0,0.0,0.0,0.0,0.0,0.0
New_Mexico_Wind,CAISO,CAISO,2026,0.0,0.0,0.0,0.0,0.0,0.0,0.0,0.0,0.0,0.0,0.0,0.0,0.0,0.0,0.0,0.0,0.0,0.0,0.0,0.0,0.0
New_Mexico_Wind,CAISO,CAISO,2030,0.0,0.0,0.0,0.0,0.0,0.0,0.0,0.0,0.0,0.0,0.0,0.0,0.0,0.0,0.0,0.0,0.0,0.0,0.0,0.0,0.0
North_Victor_Solar,CAISO,CAISO,2020,0.0,0.0,0.0,0.0,0.0,0.0,0.0,0.0,0.0,0.0,0.0,0.0,0.0,0.0,0.0,0.0,0.0,0.0,0.0,0.0,0.0
North_Victor_Solar,CAISO,CAISO,2022,0.0,0.0,0.0,0.0,0.0,820397.5302775222,15413215.28934365,0.0,0.0,0.0,0.0,0.0,0.0,0.0,0.0,0.0,0.0,0.0,0.0,27178.987535223434,23995.730477872243
North_Victor_Solar,CAISO,CAISO,2026,0.0,0.0,0.0,0.0,0.0,823516.237661307,18075603.213825013,0.0,0.0,0.0,0.0,0.0,0.0,0.0,0.0,0.0,0.0,0.0,0.0,23246.004633247045,20627.017135449398
North_Victor_Solar,CAISO,CAISO,2030,0.0,0.0,0.0,0.0,0.0,830000.3445601845,25267482.724329665,0.0,0.0,0.0,0.0,0.0,0.0,0.0,0.0,0.0,0.0,0.0,0.0,37785.86477007807,174656.90744655594
Northern_California_Ex_Geothermal,CAISO,CAISO,2020,0.0,0.0,0.0,0.0,0.0,0.0,0.0,0.0,0.0,0.0,0.0,0.0,0.0,0.0,0.0,0.0,0.0,0.0,0.0,0.0,0.0
Northern_California_Ex_Geothermal,CAISO,CAISO,2022,0.0,0.0,0.0,0.0,0.0,0.0,0.0,0.0,0.0,0.0,0.0,0.0,0.0,0.0,0.0,0.0,0.0,0.0,0.0,0.0,0.0
Northern_California_Ex_Geothermal,CAISO,CAISO,2026,0.0,0.0,0.0,0.0,0.0,0.0,0.0,0.0,0.0,0.0,0.0,0.0,0.0,0.0,0.0,0.0,0.0,0.0,0.0,0.0,0.0
Northern_California_Ex_Geothermal,CAISO,CAISO,2030,0.0,0.0,0.0,0.0,0.0,0.0,0.0,0.0,0.0,0.0,0.0,0.0,0.0,0.0,0.0,0.0,0.0,0.0,0.0,0.0,0.0
Northern_California_Ex_Solar,CAISO,CAISO,2020,0.0,0.0,0.0,0.0,0.0,0.0,0.0,0.0,0.0,0.0,0.0,0.0,0.0,0.0,0.0,0.0,0.0,0.0,0.0,0.0,0.0
Northern_California_Ex_Solar,CAISO,CAISO,2022,0.0,0.0,0.0,0.0,0.0,0.0,0.0,0.0,0.0,0.0,0.0,0.0,0.0,0.0,0.0,0.0,0.0,0.0,0.0,0.0,0.0
Northern_California_Ex_Solar,CAISO,CAISO,2026,0.0,0.0,0.0,0.0,0.0,0.0,0.0,0.0,0.0,0.0,0.0,0.0,0.0,0.0,0.0,0.0,0.0,0.0,0.0,0.0,0.0
Northern_California_Ex_Solar,CAISO,CAISO,2030,0.0,0.0,0.0,0.0,0.0,0.0,0.0,0.0,0.0,0.0,0.0,0.0,0.0,0.0,0.0,0.0,0.0,0.0,0.0,0.0,0.0
Northern_California_Ex_Wind,CAISO,CAISO,2020,0.0,0.0,0.0,0.0,0.0,0.0,0.0,0.0,0.0,0.0,0.0,0.0,0.0,0.0,0.0,0.0,0.0,0.0,0.0,0.0,0.0
Northern_California_Ex_Wind,CAISO,CAISO,2022,0.0,0.0,0.0,0.0,0.0,0.0,0.0,0.0,0.0,0.0,0.0,0.0,0.0,0.0,0.0,0.0,0.0,0.0,0.0,0.0,0.0
Northern_California_Ex_Wind,CAISO,CAISO,2026,0.0,0.0,0.0,0.0,0.0,0.0,0.0,0.0,0.0,0.0,0.0,0.0,0.0,0.0,0.0,0.0,0.0,0.0,0.0,0.0,0.0
Northern_California_Ex_Wind,CAISO,CAISO,2030,0.0,0.0,0.0,0.0,0.0,0.0,0.0,0.0,0.0,0.0,0.0,0.0,0.0,0.0,0.0,0.0,0.0,0.0,0.0,0.0,0.0
Pacific_Northwest_Geothermal,CAISO,CAISO,2020,0.0,0.0,0.0,0.0,0.0,0.0,0.0,0.0,0.0,0.0,0.0,0.0,0.0,0.0,0.0,0.0,0.0,0.0,0.0,0.0,0.0
Pacific_Northwest_Geothermal,CAISO,CAISO,2022,0.0,0.0,0.0,0.0,0.0,0.0,0.0,0.0,0.0,0.0,0.0,0.0,0.0,0.0,0.0,0.0,0.0,0.0,0.0,0.0,0.0
Pacific_Northwest_Geothermal,CAISO,CAISO,2026,0.0,0.0,0.0,0.0,0.0,0.0,0.0,0.0,0.0,0.0,0.0,0.0,0.0,0.0,0.0,0.0,0.0,0.0,0.0,0.0,0.0
Pacific_Northwest_Geothermal,CAISO,CAISO,2030,0.0,0.0,0.0,0.0,0.0,0.0,0.0,0.0,0.0,0.0,0.0,0.0,0.0,0.0,0.0,0.0,0.0,0.0,0.0,0.0,0.0
Pacific_Northwest_Wind,CAISO,CAISO,2020,0.0,0.0,0.0,0.0,0.0,0.0,0.0,0.0,0.0,0.0,0.0,0.0,0.0,0.0,0.0,0.0,0.0,0.0,0.0,0.0,0.0
Pacific_Northwest_Wind,CAISO,CAISO,2022,0.0,0.0,0.0,0.0,0.0,0.0,0.0,0.0,0.0,0.0,0.0,0.0,0.0,0.0,0.0,0.0,0.0,0.0,0.0,0.0,0.0
Pacific_Northwest_Wind,CAISO,CAISO,2026,0.0,0.0,0.0,0.0,0.0,0.0,0.0,0.0,0.0,0.0,0.0,0.0,0.0,0.0,0.0,0.0,0.0,0.0,0.0,0.0,0.0
Pacific_Northwest_Wind,CAISO,CAISO,2030,0.0,0.0,0.0,0.0,0.0,0.0,0.0,0.0,0.0,0.0,0.0,0.0,0.0,0.0,0.0,0.0,0.0,0.0,0.0,0.0,0.0
Riverside_Palm_Springs_Geothermal,CAISO,CAISO,2020,0.0,0.0,0.0,0.0,0.0,0.0,0.0,0.0,0.0,0.0,0.0,0.0,0.0,0.0,0.0,0.0,0.0,0.0,0.0,0.0,0.0
Riverside_Palm_Springs_Geothermal,CAISO,CAISO,2022,0.0,0.0,0.0,0.0,0.0,0.0,0.0,0.0,0.0,0.0,0.0,0.0,0.0,0.0,0.0,0.0,0.0,0.0,0.0,0.0,0.0
Riverside_Palm_Springs_Geothermal,CAISO,CAISO,2026,0.0,0.0,0.0,0.0,0.0,0.0,0.0,0.0,0.0,0.0,0.0,0.0,0.0,0.0,0.0,0.0,0.0,0.0,0.0,0.0,0.0
Riverside_Palm_Springs_Geothermal,CAISO,CAISO,2030,0.0,0.0,0.0,0.0,0.0,0.0,0.0,0.0,0.0,0.0,0.0,0.0,0.0,0.0,0.0,0.0,0.0,0.0,0.0,0.0,0.0
Riverside_Palm_Springs_Solar,CAISO,CAISO,2020,0.0,0.0,0.0,0.0,0.0,0.0,0.0,0.0,0.0,0.0,0.0,0.0,0.0,0.0,0.0,0.0,0.0,0.0,0.0,0.0,0.0
Riverside_Palm_Springs_Solar,CAISO,CAISO,2022,0.0,0.0,0.0,0.0,0.0,3586343.791668804,72168967.3542513,0.0,0.0,0.0,0.0,0.0,0.0,0.0,0.0,0.0,0.0,0.0,0.0,109459.54938069687,74582.50666446338
Riverside_Palm_Springs_Solar,CAISO,CAISO,2026,0.0,0.0,0.0,0.0,0.0,3781338.0235056668,84572843.32558542,0.0,0.0,0.0,0.0,0.0,0.0,0.0,0.0,0.0,0.0,0.0,0.0,100868.38521786222,77420.04714312374
Riverside_Palm_Springs_Solar,CAISO,CAISO,2030,0.0,0.0,0.0,0.0,0.0,8080753.802410932,257445255.0803819,0.0,0.0,0.0,0.0,0.0,0.0,0.0,0.0,0.0,0.0,0.0,0.0,348442.7007964821,1623214.3134569002
SCADSNV_Solar,CAISO,CAISO,2020,0.0,0.0,0.0,0.0,0.0,0.0,0.0,0.0,0.0,0.0,0.0,0.0,0.0,0.0,0.0,0.0,0.0,0.0,0.0,0.0,0.0
SCADSNV_Solar,CAISO,CAISO,2022,0.0,0.0,0.0,0.0,0.0,0.0,0.0,0.0,0.0,0.0,0.0,0.0,0.0,0.0,0.0,0.0,0.0,0.0,0.0,0.0,0.0
SCADSNV_Solar,CAISO,CAISO,2026,0.0,0.0,0.0,0.0,0.0,0.0,0.0,0.0,0.0,0.0,0.0,0.0,0.0,0.0,0.0,0.0,0.0,0.0,0.0,0.0,0.0
SCADSNV_Solar,CAISO,CAISO,2030,0.0,0.0,0.0,0.0,0.0,0.0,0.0,0.0,0.0,0.0,0.0,0.0,0.0,0.0,0.0,0.0,0.0,0.0,0.0,0.0,0.0
SCADSNV_Wind,CAISO,CAISO,2020,0.0,0.0,0.0,0.0,0.0,0.0,0.0,0.0,0.0,0.0,0.0,0.0,0.0,0.0,0.0,0.0,0.0,0.0,0.0,0.0,0.0
SCADSNV_Wind,CAISO,CAISO,2022,0.0,0.0,0.0,0.0,0.0,0.0,0.0,0.0,0.0,0.0,0.0,0.0,0.0,0.0,0.0,0.0,0.0,0.0,0.0,0.0,0.0
SCADSNV_Wind,CAISO,CAISO,2026,0.0,0.0,0.0,0.0,0.0,0.0,0.0,0.0,0.0,0.0,0.0,0.0,0.0,0.0,0.0,0.0,0.0,0.0,0.0,0.0,0.0
SCADSNV_Wind,CAISO,CAISO,2030,0.0,0.0,0.0,0.0,0.0,0.0,0.0,0.0,0.0,0.0,0.0,0.0,0.0,0.0,0.0,0.0,0.0,0.0,0.0,0.0,0.0
SW_Biomass_for_Other,SW,SW,2020,507729.6000000015,0.0,0.0,0.0,0.0,327623.9999999992,7998524.149047074,0.0,0.0,0.0,0.0,0.0,0.0,0.0,0.0,0.0,0.0,0.0,0.0,0.0,0.0
SW_Biomass_for_Other,SW,SW,2022,507729.6000000015,0.0,0.0,0.0,0.0,327623.9999999992,8152205.207597491,0.0,0.0,0.0,0.0,0.0,0.0,0.0,0.0,0.0,0.0,0.0,0.0,0.0,0.0
SW_Biomass_for_Other,SW,SW,2026,507729.6000000015,0.0,0.0,0.0,0.0,327623.9999999992,8127279.567145922,0.0,0.0,0.0,0.0,0.0,0.0,0.0,0.0,0.0,0.0,0.0,0.0,0.0,0.0
SW_Biomass_for_Other,SW,SW,2030,489245.99999999965,0.0,0.0,0.0,0.0,315622.79999999976,8024697.244342868,0.0,0.0,0.0,0.0,0.0,0.0,0.0,0.0,0.0,0.0,0.0,0.0,0.0,0.0
SW_CCGT,SW,SW,2020,19327331.62011794,1814233506.6319127,0.0,0.0,0.0,74027954.72852635,1859819656.802895,0.0,0.0,0.0,0.0,0.0,0.0,0.0,0.0,0.0,0.0,0.0,0.0,0.0,0.0
SW_CCGT,SW,SW,2022,20787161.95358627,1956664950.7568038,0.0,0.0,0.0,79619428.14682901,2050049636.2443264,0.0,0.0,0.0,0.0,0.0,0.0,0.0,0.0,0.0,0.0,0.0,0.0,0.0,0.0
SW_CCGT,SW,SW,2026,23740498.2451391,2264856908.402707,0.0,0.0,0.0,90931337.11386183,2313216256.1339703,0.0,0.0,0.0,0.0,0.0,0.0,0.0,0.0,0.0,0.0,0.0,0.0,0.0,0.0
SW_CCGT,SW,SW,2030,23138284.42387637,2225267561.997876,0.0,0.0,0.0,88624746.43041983,2338407120.6188316,0.0,0.0,0.0,0.0,0.0,0.0,0.0,0.0,0.0,0.0,0.0,0.0,0.0,0.0
SW_Coal,SW,SW,2020,92588933.02133374,781665327.4892212,0.0,0.0,0.0,37263105.21239313,949928213.7683098,0.0,0.0,0.0,0.0,0.0,0.0,0.0,0.0,0.0,0.0,0.0,0.0,0.0,0.0
SW_Coal,SW,SW,2022,104964877.6909247,879892083.3659283,0.0,0.0,0.0,42243902.40323338,1083208491.5399973,0.0,0.0,0.0,0.0,0.0,0.0,0.0,0.0,0.0,0.0,0.0,0.0,0.0,0.0
SW_Coal,SW,SW,2026,102733671.57038528,857760051.2126476,0.0,0.0,0.0,41345951.928905495,1042717250.2303437,0.0,0.0,0.0,0.0,0.0,0.0,0.0,0.0,0.0,0.0,0.0,0.0,0.0,0.0
SW_Coal,SW,SW,2030,108362563.27235872,903622138.1644176,0.0,0.0,0.0,43611333.889620855,1119672105.4064858,0.0,0.0,0.0,0.0,0.0,0.0,0.0,0.0,0.0,0.0,0.0,0.0,0.0,0.0
SW_Ext_Tx_Wind,CAISO,CAISO,2020,0.0,0.0,0.0,0.0,0.0,0.0,0.0,0.0,0.0,0.0,0.0,0.0,0.0,0.0,0.0,0.0,0.0,0.0,0.0,0.0,0.0
SW_Ext_Tx_Wind,CAISO,CAISO,2022,0.0,0.0,0.0,0.0,0.0,0.0,0.0,0.0,0.0,0.0,0.0,0.0,0.0,0.0,0.0,0.0,0.0,0.0,0.0,0.0,0.0
SW_Ext_Tx_Wind,CAISO,CAISO,2026,0.0,0.0,0.0,0.0,0.0,0.0,0.0,0.0,0.0,0.0,0.0,0.0,0.0,0.0,0.0,0.0,0.0,0.0,0.0,0.0,0.0
SW_Ext_Tx_Wind,CAISO,CAISO,2030,0.0,0.0,0.0,0.0,0.0,0.0,0.0,0.0,0.0,0.0,0.0,0.0,0.0,0.0,0.0,0.0,0.0,0.0,0.0,0.0,0.0
SW_Geothermal_for_Other,SW,SW,2020,3885322.7999999947,0.0,0.0,0.0,0.0,3564531.5999999777,87023515.01306827,0.0,0.0,0.0,0.0,0.0,0.0,0.0,0.0,0.0,0.0,0.0,0.0,0.0,0.0
SW_Geothermal_for_Other,SW,SW,2022,3885322.7999999947,0.0,0.0,0.0,0.0,3564531.5999999777,88695556.7118583,0.0,0.0,0.0,0.0,0.0,0.0,0.0,0.0,0.0,0.0,0.0,0.0,0.0,0.0
SW_Geothermal_for_Other,SW,SW,2026,3885322.7999999947,0.0,0.0,0.0,0.0,3564531.5999999777,88424367.07666694,0.0,0.0,0.0,0.0,0.0,0.0,0.0,0.0,0.0,0.0,0.0,0.0,0.0,0.0
SW_Geothermal_for_Other,SW,SW,2030,3885322.7999999947,0.0,0.0,0.0,0.0,3564531.5999999777,90628075.37317646,0.0,0.0,0.0,0.0,0.0,0.0,0.0,0.0,0.0,0.0,0.0,0.0,0.0,0.0
SW_Hydro,SW,SW,2020,0.0,0.0,0.0,0.0,0.0,5849756.9009472625,165433996.4642395,0.0,0.0,0.0,0.0,0.0,0.0,0.0,0.0,0.0,0.0,0.0,0.0,0.0,0.0
SW_Hydro,SW,SW,2022,0.0,0.0,0.0,0.0,0.0,5849757.394350544,167738129.5290037,0.0,0.0,0.0,0.0,0.0,0.0,0.0,0.0,0.0,0.0,0.0,0.0,0.0,0.0
SW_Hydro,SW,SW,2026,0.0,0.0,0.0,0.0,0.0,5849757.273635449,164629087.0558785,0.0,0.0,0.0,0.0,0.0,0.0,0.0,0.0,0.0,0.0,0.0,0.0,0.0,0.0
SW_Hydro,SW,SW,2030,0.0,0.0,0.0,0.0,0.0,5527009.252773582,157737870.31986636,0.0,0.0,0.0,0.0,0.0,0.0,0.0,0.0,0.0,0.0,0.0,0.0,0.0,0.0
SW_Nuclear,SW,SW,2020,43414686.28792451,178009684.70749858,0.0,0.0,0.0,24117937.328747217,589090184.7194705,0.0,0.0,0.0,0.0,0.0,0.0,0.0,0.0,0.0,0.0,0.0,0.0,0.0,0.0
SW_Nuclear,SW,SW,2022,43414686.28792451,178009684.70749858,0.0,0.0,0.0,24117937.328747217,600594121.7223598,0.0,0.0,0.0,0.0,0.0,0.0,0.0,0.0,0.0,0.0,0.0,0.0,0.0,0.0
SW_Nuclear,SW,SW,2026,43414686.28792451,178009684.70749858,0.0,0.0,0.0,24117937.328747217,599201816.0217481,0.0,0.0,0.0,0.0,0.0,0.0,0.0,0.0,0.0,0.0,0.0,0.0,0.0,0.0
SW_Nuclear,SW,SW,2030,43414686.28792451,178009684.70749858,0.0,0.0,0.0,24117937.328747217,614263111.2107927,0.0,0.0,0.0,0.0,0.0,0.0,0.0,0.0,0.0,0.0,0.0,0.0,0.0,0.0
SW_Peaker,SW,SW,2020,0.0,0.0,0.0,0.0,0.0,0.0,0.0,0.0,0.0,0.0,0.0,0.0,0.0,0.0,0.0,0.0,0.0,0.0,0.0,0.0,0.0
SW_Peaker,SW,SW,2022,33843.337055436015,825425.6494579654,143854.1906314464,143854.1906314464,0.0,22505.899788901937,1147035.688641176,0.0,0.0,0.0,0.0,0.0,0.0,0.0,0.0,0.0,0.0,0.0,0.0,0.0,0.0
SW_Peaker,SW,SW,2026,0.0,0.0,0.0,0.0,0.0,0.0,0.0,0.0,0.0,0.0,0.0,0.0,0.0,0.0,0.0,0.0,0.0,0.0,0.0,0.0,0.0
SW_Peaker,SW,SW,2030,47232.43494295552,1207214.4062570892,267326.34039475635,267326.34039475635,0.0,31409.486285827374,1789115.6283549448,0.0,0.0,0.0,0.0,0.0,0.0,0.0,0.0,0.0,0.0,0.0,0.0,0.0,0.0
SW_ST,SW,SW,2020,0.0,0.0,0.0,0.0,0.0,0.0,0.0,0.0,0.0,0.0,0.0,0.0,0.0,0.0,0.0,0.0,0.0,0.0,0.0,0.0,0.0
SW_ST,SW,SW,2022,0.0,0.0,0.0,0.0,0.0,0.0,0.0,0.0,0.0,0.0,0.0,0.0,0.0,0.0,0.0,0.0,0.0,0.0,0.0,0.0,0.0
SW_ST,SW,SW,2026,0.0,0.0,0.0,0.0,0.0,0.0,0.0,0.0,0.0,0.0,0.0,0.0,0.0,0.0,0.0,0.0,0.0,0.0,0.0,0.0,0.0
SW_ST,SW,SW,2030,0.0,0.0,0.0,0.0,0.0,0.0,0.0,0.0,0.0,0.0,0.0,0.0,0.0,0.0,0.0,0.0,0.0,0.0,0.0,0.0,0.0
SW_Small_Hydro_for_Other,SW,SW,2020,0.0,0.0,0.0,0.0,0.0,0.0,0.0,0.0,0.0,0.0,0.0,0.0,0.0,0.0,0.0,0.0,0.0,0.0,0.0,0.0,0.0
SW_Small_Hydro_for_Other,SW,SW,2022,0.0,0.0,0.0,0.0,0.0,0.0,0.0,0.0,0.0,0.0,0.0,0.0,0.0,0.0,0.0,0.0,0.0,0.0,0.0,0.0,0.0
SW_Small_Hydro_for_Other,SW,SW,2026,0.0,0.0,0.0,0.0,0.0,0.0,0.0,0.0,0.0,0.0,0.0,0.0,0.0,0.0,0.0,0.0,0.0,0.0,0.0,0.0,0.0
SW_Small_Hydro_for_Other,SW,SW,2030,0.0,0.0,0.0,0.0,0.0,0.0,0.0,0.0,0.0,0.0,0.0,0.0,0.0,0.0,0.0,0.0,0.0,0.0,0.0,0.0,0.0
SW_Solar_for_CAISO,SW,CAISO,2020,0.0,0.0,0.0,0.0,0.0,184664.58140034712,4088732.724701218,0.0,0.0,0.0,0.0,0.0,0.0,0.0,0.0,0.0,0.0,0.0,0.0,0.0,0.0
SW_Solar_for_CAISO,SW,CAISO,2022,0.0,0.0,0.0,0.0,0.0,184664.58140034712,4143418.1902572634,0.0,0.0,0.0,0.0,0.0,0.0,0.0,0.0,0.0,0.0,0.0,0.0,0.0,0.0
SW_Solar_for_CAISO,SW,CAISO,2026,0.0,0.0,0.0,0.0,0.0,184664.58140034712,4135873.18479931,0.0,0.0,0.0,0.0,0.0,0.0,0.0,0.0,0.0,0.0,0.0,0.0,0.0,0.0
SW_Solar_for_CAISO,SW,CAISO,2030,0.0,0.0,0.0,0.0,0.0,184664.58140034712,4272295.191692177,0.0,0.0,0.0,0.0,0.0,0.0,0.0,0.0,0.0,0.0,0.0,0.0,0.0,0.0
SW_Solar_for_Other,SW,SW,2020,0.0,0.0,0.0,0.0,0.0,4698924.144453496,104041390.93492983,0.0,0.0,0.0,0.0,0.0,0.0,0.0,0.0,0.0,0.0,0.0,0.0,0.0,0.0
SW_Solar_for_Other,SW,SW,2022,0.0,0.0,0.0,0.0,0.0,4698924.144453496,105424268.87284201,0.0,0.0,0.0,0.0,0.0,0.0,0.0,0.0,0.0,0.0,0.0,0.0,0.0,0.0
SW_Solar_for_Other,SW,SW,2026,0.0,0.0,0.0,0.0,0.0,4679361.387938368,104801495.99674132,0.0,0.0,0.0,0.0,0.0,0.0,0.0,0.0,0.0,0.0,0.0,0.0,0.0,0.0
SW_Solar_for_Other,SW,SW,2030,0.0,0.0,0.0,0.0,0.0,6932342.882620058,160275568.75752094,0.0,0.0,0.0,0.0,0.0,0.0,0.0,0.0,0.0,0.0,0.0,0.0,0.0,0.0
SW_Wind_for_CAISO,SW,CAISO,2020,0.0,0.0,0.0,0.0,0.0,212479.476342157,5213364.384659536,0.0,0.0,0.0,0.0,0.0,0.0,0.0,0.0,0.0,0.0,0.0,0.0,0.0,0.0
SW_Wind_for_CAISO,SW,CAISO,2022,0.0,0.0,0.0,0.0,0.0,212479.476342157,5276092.5560721895,0.0,0.0,0.0,0.0,0.0,0.0,0.0,0.0,0.0,0.0,0.0,0.0,0.0,0.0
SW_Wind_for_CAISO,SW,CAISO,2026,0.0,0.0,0.0,0.0,0.0,212479.476342157,5302379.616606372,0.0,0.0,0.0,0.0,0.0,0.0,0.0,0.0,0.0,0.0,0.0,0.0,0.0,0.0
SW_Wind_for_CAISO,SW,CAISO,2030,0.0,0.0,0.0,0.0,0.0,212479.476342157,5391766.171377528,0.0,0.0,0.0,0.0,0.0,0.0,0.0,0.0,0.0,0.0,0.0,0.0,0.0,0.0
SW_Wind_for_Other,SW,SW,2020,0.0,0.0,0.0,0.0,0.0,8190567.970643785,201096841.88706893,0.0,0.0,0.0,0.0,0.0,0.0,0.0,0.0,0.0,0.0,0.0,0.0,0.0,0.0
SW_Wind_for_Other,SW,SW,2022,0.0,0.0,0.0,0.0,0.0,8190567.970643785,203269775.86948416,0.0,0.0,0.0,0.0,0.0,0.0,0.0,0.0,0.0,0.0,0.0,0.0,0.0,0.0
SW_Wind_for_Other,SW,SW,2026,0.0,0.0,0.0,0.0,0.0,8190567.970643785,204569573.07644898,0.0,0.0,0.0,0.0,0.0,0.0,0.0,0.0,0.0,0.0,0.0,0.0,0.0,0.0
SW_Wind_for_Other,SW,SW,2030,0.0,0.0,0.0,0.0,0.0,6689716.404711151,169658894.44383824,0.0,0.0,0.0,0.0,0.0,0.0,0.0,0.0,0.0,0.0,0.0,0.0,0.0,0.0
Sacramento_River_Solar,CAISO,CAISO,2020,0.0,0.0,0.0,0.0,0.0,0.0,0.0,0.0,0.0,0.0,0.0,0.0,0.0,0.0,0.0,0.0,0.0,0.0,0.0,0.0,0.0
Sacramento_River_Solar,CAISO,CAISO,2022,0.0,0.0,0.0,0.0,0.0,0.0,0.0,0.0,0.0,0.0,0.0,0.0,0.0,0.0,0.0,0.0,0.0,0.0,0.0,0.0,0.0
Sacramento_River_Solar,CAISO,CAISO,2026,0.0,0.0,0.0,0.0,0.0,0.0,0.0,0.0,0.0,0.0,0.0,0.0,0.0,0.0,0.0,0.0,0.0,0.0,0.0,0.0,0.0
Sacramento_River_Solar,CAISO,CAISO,2030,0.0,0.0,0.0,0.0,0.0,0.0,0.0,0.0,0.0,0.0,0.0,0.0,0.0,0.0,0.0,0.0,0.0,0.0,0.0,0.0,0.0
Sacramento_River_Wind,CAISO,CAISO,2020,0.0,0.0,0.0,0.0,0.0,0.0,0.0,0.0,0.0,0.0,0.0,0.0,0.0,0.0,0.0,0.0,0.0,0.0,0.0,0.0,0.0
Sacramento_River_Wind,CAISO,CAISO,2022,0.0,0.0,0.0,0.0,0.0,0.0,0.0,0.0,0.0,0.0,0.0,0.0,0.0,0.0,0.0,0.0,0.0,0.0,0.0,0.0,0.0
Sacramento_River_Wind,CAISO,CAISO,2026,0.0,0.0,0.0,0.0,0.0,0.0,0.0,0.0,0.0,0.0,0.0,0.0,0.0,0.0,0.0,0.0,0.0,0.0,0.0,0.0,0.0
Sacramento_River_Wind,CAISO,CAISO,2030,0.0,0.0,0.0,0.0,0.0,0.0,0.0,0.0,0.0,0.0,0.0,0.0,0.0,0.0,0.0,0.0,0.0,0.0,0.0,0.0,0.0
Solano_Geothermal,CAISO,CAISO,2020,0.0,0.0,0.0,0.0,0.0,0.0,0.0,0.0,0.0,0.0,0.0,0.0,0.0,0.0,0.0,0.0,0.0,0.0,0.0,0.0,0.0
Solano_Geothermal,CAISO,CAISO,2022,0.0,0.0,0.0,0.0,0.0,0.0,0.0,0.0,0.0,0.0,0.0,0.0,0.0,0.0,0.0,0.0,0.0,0.0,0.0,0.0,0.0
Solano_Geothermal,CAISO,CAISO,2026,0.0,0.0,0.0,0.0,0.0,0.0,0.0,0.0,0.0,0.0,0.0,0.0,0.0,0.0,0.0,0.0,0.0,0.0,0.0,0.0,0.0
Solano_Geothermal,CAISO,CAISO,2030,0.0,0.0,0.0,0.0,0.0,0.0,0.0,0.0,0.0,0.0,0.0,0.0,0.0,0.0,0.0,0.0,0.0,0.0,0.0,0.0,0.0
Solano_Solar,CAISO,CAISO,2020,0.0,0.0,0.0,0.0,0.0,0.0,0.0,0.0,0.0,0.0,0.0,0.0,0.0,0.0,0.0,0.0,0.0,0.0,0.0,0.0,0.0
Solano_Solar,CAISO,CAISO,2022,0.0,0.0,0.0,0.0,0.0,0.0,0.0,0.0,0.0,0.0,0.0,0.0,0.0,0.0,0.0,0.0,0.0,0.0,0.0,0.0,0.0
Solano_Solar,CAISO,CAISO,2026,0.0,0.0,0.0,0.0,0.0,0.0,0.0,0.0,0.0,0.0,0.0,0.0,0.0,0.0,0.0,0.0,0.0,0.0,0.0,0.0,0.0
Solano_Solar,CAISO,CAISO,2030,0.0,0.0,0.0,0.0,0.0,0.0,0.0,0.0,0.0,0.0,0.0,0.0,0.0,0.0,0.0,0.0,0.0,0.0,0.0,0.0,0.0
Solano_Wind,CAISO,CAISO,2020,0.0,0.0,0.0,0.0,0.0,0.0,0.0,0.0,0.0,0.0,0.0,0.0,0.0,0.0,0.0,0.0,0.0,0.0,0.0,0.0,0.0
Solano_Wind,CAISO,CAISO,2022,0.0,0.0,0.0,0.0,0.0,1432736.7344393735,49474368.746741906,0.0,0.0,0.0,0.0,0.0,0.0,0.0,0.0,0.0,0.0,0.0,0.0,16305.356051296618,28798.28466841734
Solano_Wind,CAISO,CAISO,2026,0.0,0.0,0.0,0.0,0.0,1430630.1265117323,54341651.65889024,0.0,0.0,0.0,0.0,0.0,0.0,0.0,0.0,0.0,0.0,0.0,0.0,17438.28436649844,10302.28547100758
Solano_Wind,CAISO,CAISO,2030,0.0,0.0,0.0,0.0,0.0,1433393.2162666838,89532130.92866246,0.0,0.0,0.0,0.0,0.0,0.0,0.0,0.0,0.0,0.0,0.0,0.0,27253.93445824722,95655.88248127118
Solano_subzone_Solar,CAISO,CAISO,2020,0.0,0.0,0.0,0.0,0.0,0.0,0.0,0.0,0.0,0.0,0.0,0.0,0.0,0.0,0.0,0.0,0.0,0.0,0.0,0.0,0.0
Solano_subzone_Solar,CAISO,CAISO,2022,0.0,0.0,0.0,0.0,0.0,0.0,0.0,0.0,0.0,0.0,0.0,0.0,0.0,0.0,0.0,0.0,0.0,0.0,0.0,0.0,0.0
Solano_subzone_Solar,CAISO,CAISO,2026,0.0,0.0,0.0,0.0,0.0,0.0,0.0,0.0,0.0,0.0,0.0,0.0,0.0,0.0,0.0,0.0,0.0,0.0,0.0,0.0,0.0
Solano_subzone_Solar,CAISO,CAISO,2030,0.0,0.0,0.0,0.0,0.0,0.0,0.0,0.0,0.0,0.0,0.0,0.0,0.0,0.0,0.0,0.0,0.0,0.0,0.0,0.0,0.0
Solano_subzone_Wind,CAISO,CAISO,2020,0.0,0.0,0.0,0.0,0.0,0.0,0.0,0.0,0.0,0.0,0.0,0.0,0.0,0.0,0.0,0.0,0.0,0.0,0.0,0.0,0.0
Solano_subzone_Wind,CAISO,CAISO,2022,0.0,0.0,0.0,0.0,0.0,0.0,0.0,0.0,0.0,0.0,0.0,0.0,0.0,0.0,0.0,0.0,0.0,0.0,0.0,0.0,0.0
Solano_subzone_Wind,CAISO,CAISO,2026,0.0,0.0,0.0,0.0,0.0,0.0,0.0,0.0,0.0,0.0,0.0,0.0,0.0,0.0,0.0,0.0,0.0,0.0,0.0,0.0,0.0
Solano_subzone_Wind,CAISO,CAISO,2030,0.0,0.0,0.0,0.0,0.0,0.0,0.0,0.0,0.0,0.0,0.0,0.0,0.0,0.0,0.0,0.0,0.0,0.0,0.0,0.0,0.0
Southern_California_Desert_Ex_Solar,CAISO,CAISO,2020,0.0,0.0,0.0,0.0,0.0,0.0,0.0,0.0,0.0,0.0,0.0,0.0,0.0,0.0,0.0,0.0,0.0,0.0,0.0,0.0,0.0
Southern_California_Desert_Ex_Solar,CAISO,CAISO,2022,0.0,0.0,0.0,0.0,0.0,1372438.5585820838,26825165.3245541,0.0,0.0,0.0,0.0,0.0,0.0,0.0,0.0,0.0,0.0,0.0,0.0,41146.120219010634,37406.83937373541
Southern_California_Desert_Ex_Solar,CAISO,CAISO,2026,0.0,0.0,0.0,0.0,0.0,1388502.4371184583,31507119.397028346,0.0,0.0,0.0,0.0,0.0,0.0,0.0,0.0,0.0,0.0,0.0,0.0,36539.49746820443,35309.704759612316
Southern_California_Desert_Ex_Solar,CAISO,CAISO,2030,0.0,0.0,0.0,0.0,0.0,1420956.497442514,44116605.41882281,0.0,0.0,0.0,0.0,0.0,0.0,0.0,0.0,0.0,0.0,0.0,0.0,61034.40385489,291449.6551576979
Southern_California_Desert_Ex_Wind,CAISO,CAISO,2020,0.0,0.0,0.0,0.0,0.0,0.0,0.0,0.0,0.0,0.0,0.0,0.0,0.0,0.0,0.0,0.0,0.0,0.0,0.0,0.0,0.0
Southern_California_Desert_Ex_Wind,CAISO,CAISO,2022,0.0,0.0,0.0,0.0,0.0,0.0,0.0,0.0,0.0,0.0,0.0,0.0,0.0,0.0,0.0,0.0,0.0,0.0,0.0,0.0,0.0
Southern_California_Desert_Ex_Wind,CAISO,CAISO,2026,0.0,0.0,0.0,0.0,0.0,0.0,0.0,0.0,0.0,0.0,0.0,0.0,0.0,0.0,0.0,0.0,0.0,0.0,0.0,0.0,0.0
Southern_California_Desert_Ex_Wind,CAISO,CAISO,2030,0.0,0.0,0.0,0.0,0.0,0.0,0.0,0.0,0.0,0.0,0.0,0.0,0.0,0.0,0.0,0.0,0.0,0.0,0.0,0.0,0.0
Southern_Nevada_Geothermal,CAISO,CAISO,2020,0.0,0.0,0.0,0.0,0.0,0.0,0.0,0.0,0.0,0.0,0.0,0.0,0.0,0.0,0.0,0.0,0.0,0.0,0.0,0.0,0.0
Southern_Nevada_Geothermal,CAISO,CAISO,2022,0.0,0.0,0.0,0.0,0.0,0.0,0.0,0.0,0.0,0.0,0.0,0.0,0.0,0.0,0.0,0.0,0.0,0.0,0.0,0.0,0.0
Southern_Nevada_Geothermal,CAISO,CAISO,2026,0.0,0.0,0.0,0.0,0.0,0.0,0.0,0.0,0.0,0.0,0.0,0.0,0.0,0.0,0.0,0.0,0.0,0.0,0.0,0.0,0.0
Southern_Nevada_Geothermal,CAISO,CAISO,2030,0.0,0.0,0.0,0.0,0.0,0.0,0.0,0.0,0.0,0.0,0.0,0.0,0.0,0.0,0.0,0.0,0.0,0.0,0.0,0.0,0.0
Southern_Nevada_Solar,CAISO,CAISO,2020,0.0,0.0,0.0,0.0,0.0,0.0,0.0,0.0,0.0,0.0,0.0,0.0,0.0,0.0,0.0,0.0,0.0,0.0,0.0,0.0,0.0
Southern_Nevada_Solar,CAISO,CAISO,2022,0.0,0.0,0.0,0.0,0.0,1487033.46252923,29268709.300375853,0.0,0.0,0.0,0.0,0.0,0.0,0.0,0.0,0.0,0.0,0.0,0.0,44346.458592747134,41866.17500799186
Southern_Nevada_Solar,CAISO,CAISO,2026,0.0,0.0,0.0,0.0,0.0,1517821.9781412268,34279712.90631398,0.0,0.0,0.0,0.0,0.0,0.0,0.0,0.0,0.0,0.0,0.0,0.0,41456.72823108378,39362.77292487364
Southern_Nevada_Solar,CAISO,CAISO,2030,0.0,0.0,0.0,0.0,0.0,1538942.2923844834,47798437.40828343,0.0,0.0,0.0,0.0,0.0,0.0,0.0,0.0,0.0,0.0,0.0,0.0,68329.17205751318,312720.99710108724
Southern_Nevada_Wind,CAISO,CAISO,2020,0.0,0.0,0.0,0.0,0.0,0.0,0.0,0.0,0.0,0.0,0.0,0.0,0.0,0.0,0.0,0.0,0.0,0.0,0.0,0.0,0.0
Southern_Nevada_Wind,CAISO,CAISO,2022,0.0,0.0,0.0,0.0,0.0,0.0,0.0,0.0,0.0,0.0,0.0,0.0,0.0,0.0,0.0,0.0,0.0,0.0,0.0,0.0,0.0
Southern_Nevada_Wind,CAISO,CAISO,2026,0.0,0.0,0.0,0.0,0.0,0.0,0.0,0.0,0.0,0.0,0.0,0.0,0.0,0.0,0.0,0.0,0.0,0.0,0.0,0.0,0.0
Southern_Nevada_Wind,CAISO,CAISO,2030,0.0,0.0,0.0,0.0,0.0,0.0,0.0,0.0,0.0,0.0,0.0,0.0,0.0,0.0,0.0,0.0,0.0,0.0,0.0,0.0,0.0
Tehachapi_Ex_Solar,CAISO,CAISO,2020,0.0,0.0,0.0,0.0,0.0,0.0,0.0,0.0,0.0,0.0,0.0,0.0,0.0,0.0,0.0,0.0,0.0,0.0,0.0,0.0,0.0
Tehachapi_Ex_Solar,CAISO,CAISO,2022,0.0,0.0,0.0,0.0,0.0,3432698.8741602036,76207580.61233723,0.0,0.0,0.0,0.0,0.0,0.0,0.0,0.0,0.0,0.0,0.0,0.0,88955.1628224363,95134.67655253469
Tehachapi_Ex_Solar,CAISO,CAISO,2026,0.0,0.0,0.0,0.0,0.0,3824704.4149178932,89015702.05706458,0.0,0.0,0.0,0.0,0.0,0.0,0.0,0.0,0.0,0.0,0.0,0.0,99621.78521799656,85711.13234530689
Tehachapi_Ex_Solar,CAISO,CAISO,2030,0.0,0.0,0.0,0.0,0.0,3576679.0090498077,124226066.29147515,0.0,0.0,0.0,0.0,0.0,0.0,0.0,0.0,0.0,0.0,0.0,0.0,138556.33997256978,798228.8605891741
Tehachapi_Solar,CAISO,CAISO,2020,0.0,0.0,0.0,0.0,0.0,0.0,0.0,0.0,0.0,0.0,0.0,0.0,0.0,0.0,0.0,0.0,0.0,0.0,0.0,0.0,0.0
Tehachapi_Solar,CAISO,CAISO,2022,0.0,0.0,0.0,0.0,0.0,9740639.104884531,191315682.32783282,0.0,0.0,0.0,0.0,0.0,0.0,0.0,0.0,0.0,0.0,0.0,0.0,309583.3015194434,286848.99886896985
Tehachapi_Solar,CAISO,CAISO,2026,0.0,0.0,0.0,0.0,0.0,9764122.634649308,223469883.91808096,0.0,0.0,0.0,0.0,0.0,0.0,0.0,0.0,0.0,0.0,0.0,0.0,254037.6783649176,262624.443014732
Tehachapi_Solar,CAISO,CAISO,2030,0.0,0.0,0.0,0.0,0.0,9613138.735666828,311863934.13848007,0.0,0.0,0.0,0.0,0.0,0.0,0.0,0.0,0.0,0.0,0.0,0.0,406608.5230902854,2233920.6917053936
Tehachapi_Wind,CAISO,CAISO,2020,0.0,0.0,0.0,0.0,0.0,0.0,0.0,0.0,0.0,0.0,0.0,0.0,0.0,0.0,0.0,0.0,0.0,0.0,0.0,0.0,0.0
Tehachapi_Wind,CAISO,CAISO,2022,0.0,0.0,0.0,0.0,0.0,72746.93655109934,2314226.6923640454,0.0,0.0,0.0,0.0,0.0,0.0,0.0,0.0,0.0,0.0,0.0,0.0,1283.7296418854546,1413.9461888702112
Tehachapi_Wind,CAISO,CAISO,2026,0.0,0.0,0.0,0.0,0.0,72883.6642672011,2534222.871035372,0.0,0.0,0.0,0.0,0.0,0.0,0.0,0.0,0.0,0.0,0.0,0.0,1280.3896581700592,918.4535448928806
Tehachapi_Wind,CAISO,CAISO,2030,0.0,0.0,0.0,0.0,0.0,72960.42949781861,4241381.054041528,0.0,0.0,0.0,0.0,0.0,0.0,0.0,0.0,0.0,0.0,0.0,0.0,1725.822930174815,8483.308357471393
Utah_Solar,CAISO,CAISO,2020,0.0,0.0,0.0,0.0,0.0,0.0,0.0,0.0,0.0,0.0,0.0,0.0,0.0,0.0,0.0,0.0,0.0,0.0,0.0,0.0,0.0
Utah_Solar,CAISO,CAISO,2022,0.0,0.0,0.0,0.0,0.0,0.0,0.0,0.0,0.0,0.0,0.0,0.0,0.0,0.0,0.0,0.0,0.0,0.0,0.0,0.0,0.0
Utah_Solar,CAISO,CAISO,2026,0.0,0.0,0.0,0.0,0.0,0.0,0.0,0.0,0.0,0.0,0.0,0.0,0.0,0.0,0.0,0.0,0.0,0.0,0.0,0.0,0.0
Utah_Solar,CAISO,CAISO,2030,0.0,0.0,0.0,0.0,0.0,0.0,0.0,0.0,0.0,0.0,0.0,0.0,0.0,0.0,0.0,0.0,0.0,0.0,0.0,0.0,0.0
Utah_Wind,CAISO,CAISO,2020,0.0,0.0,0.0,0.0,0.0,0.0,0.0,0.0,0.0,0.0,0.0,0.0,0.0,0.0,0.0,0.0,0.0,0.0,0.0,0.0,0.0
Utah_Wind,CAISO,CAISO,2022,0.0,0.0,0.0,0.0,0.0,0.0,0.0,0.0,0.0,0.0,0.0,0.0,0.0,0.0,0.0,0.0,0.0,0.0,0.0,0.0,0.0
Utah_Wind,CAISO,CAISO,2026,0.0,0.0,0.0,0.0,0.0,0.0,0.0,0.0,0.0,0.0,0.0,0.0,0.0,0.0,0.0,0.0,0.0,0.0,0.0,0.0,0.0
Utah_Wind,CAISO,CAISO,2030,0.0,0.0,0.0,0.0,0.0,0.0,0.0,0.0,0.0,0.0,0.0,0.0,0.0,0.0,0.0,0.0,0.0,0.0,0.0,0.0,0.0
Westlands_Ex_Solar,CAISO,CAISO,2020,0.0,0.0,0.0,0.0,0.0,0.0,0.0,0.0,0.0,0.0,0.0,0.0,0.0,0.0,0.0,0.0,0.0,0.0,0.0,0.0,0.0
Westlands_Ex_Solar,CAISO,CAISO,2022,0.0,0.0,0.0,0.0,0.0,0.0,0.0,0.0,0.0,0.0,0.0,0.0,0.0,0.0,0.0,0.0,0.0,0.0,0.0,0.0,0.0
Westlands_Ex_Solar,CAISO,CAISO,2026,0.0,0.0,0.0,0.0,0.0,0.0,0.0,0.0,0.0,0.0,0.0,0.0,0.0,0.0,0.0,0.0,0.0,0.0,0.0,0.0,0.0
Westlands_Ex_Solar,CAISO,CAISO,2030,0.0,0.0,0.0,0.0,0.0,0.0,0.0,0.0,0.0,0.0,0.0,0.0,0.0,0.0,0.0,0.0,0.0,0.0,0.0,0.0,0.0
Westlands_Ex_Wind,CAISO,CAISO,2020,0.0,0.0,0.0,0.0,0.0,0.0,0.0,0.0,0.0,0.0,0.0,0.0,0.0,0.0,0.0,0.0,0.0,0.0,0.0,0.0,0.0
Westlands_Ex_Wind,CAISO,CAISO,2022,0.0,0.0,0.0,0.0,0.0,0.0,0.0,0.0,0.0,0.0,0.0,0.0,0.0,0.0,0.0,0.0,0.0,0.0,0.0,0.0,0.0
Westlands_Ex_Wind,CAISO,CAISO,2026,0.0,0.0,0.0,0.0,0.0,0.0,0.0,0.0,0.0,0.0,0.0,0.0,0.0,0.0,0.0,0.0,0.0,0.0,0.0,0.0,0.0
Westlands_Ex_Wind,CAISO,CAISO,2030,0.0,0.0,0.0,0.0,0.0,0.0,0.0,0.0,0.0,0.0,0.0,0.0,0.0,0.0,0.0,0.0,0.0,0.0,0.0,0.0,0.0
Westlands_Solar,CAISO,CAISO,2020,0.0,0.0,0.0,0.0,0.0,0.0,0.0,0.0,0.0,0.0,0.0,0.0,0.0,0.0,0.0,0.0,0.0,0.0,0.0,0.0,0.0
Westlands_Solar,CAISO,CAISO,2022,0.0,0.0,0.0,0.0,0.0,0.0,0.0,0.0,0.0,0.0,0.0,0.0,0.0,0.0,0.0,0.0,0.0,0.0,0.0,0.0,0.0
Westlands_Solar,CAISO,CAISO,2026,0.0,0.0,0.0,0.0,0.0,0.0,0.0,0.0,0.0,0.0,0.0,0.0,0.0,0.0,0.0,0.0,0.0,0.0,0.0,0.0,0.0
Westlands_Solar,CAISO,CAISO,2030,0.0,0.0,0.0,0.0,0.0,0.0,0.0,0.0,0.0,0.0,0.0,0.0,0.0,0.0,0.0,0.0,0.0,0.0,0.0,0.0,0.0
Wyoming_Wind,CAISO,CAISO,2020,0.0,0.0,0.0,0.0,0.0,0.0,0.0,0.0,0.0,0.0,0.0,0.0,0.0,0.0,0.0,0.0,0.0,0.0,0.0,0.0,0.0
Wyoming_Wind,CAISO,CAISO,2022,0.0,0.0,0.0,0.0,0.0,0.0,0.0,0.0,0.0,0.0,0.0,0.0,0.0,0.0,0.0,0.0,0.0,0.0,0.0,0.0,0.0
Wyoming_Wind,CAISO,CAISO,2026,0.0,0.0,0.0,0.0,0.0,0.0,0.0,0.0,0.0,0.0,0.0,0.0,0.0,0.0,0.0,0.0,0.0,0.0,0.0,0.0,0.0
Wyoming_Wind,CAISO,CAISO,2030,0.0,0.0,0.0,0.0,0.0,0.0,0.0,0.0,0.0,0.0,0.0,0.0,0.0,0.0,0.0,0.0,0.0,0.0,0.0,0.0,0.0
